-- phpMyAdmin SQL Dump
-- version 5.2.1
-- https://www.phpmyadmin.net/
--
-- Host: localhost:3306
-- Generation Time: Jun 03, 2024 at 08:00 AM
-- Server version: 10.6.17-MariaDB-cll-lve
-- PHP Version: 8.1.27

SET SQL_MODE = "NO_AUTO_VALUE_ON_ZERO";
START TRANSACTION;
SET time_zone = "+00:00";


/*!40101 SET @OLD_CHARACTER_SET_CLIENT=@@CHARACTER_SET_CLIENT */;
/*!40101 SET @OLD_CHARACTER_SET_RESULTS=@@CHARACTER_SET_RESULTS */;
/*!40101 SET @OLD_COLLATION_CONNECTION=@@COLLATION_CONNECTION */;
/*!40101 SET NAMES utf8mb4 */;

--
-- Database: `rwemykbb_garage`
--

-- --------------------------------------------------------

--
-- Table structure for table `contact_messages`
--

CREATE TABLE `contact_messages` (
  `id` int(11) NOT NULL,
  `name` varchar(255) NOT NULL,
  `email` varchar(255) NOT NULL,
  `subject` varchar(255) NOT NULL,
  `message` text NOT NULL,
  `created_at` timestamp NOT NULL DEFAULT current_timestamp()
) ENGINE=InnoDB DEFAULT CHARSET=utf8mb4 COLLATE=utf8mb4_general_ci;

--
-- Dumping data for table `contact_messages`
--

INSERT INTO `contact_messages` (`id`, `name`, `email`, `subject`, `message`, `created_at`) VALUES
(1, 'cedrick', 'hakuzimana@gmail.com', 'greeatig', 'testing messages', '2024-06-03 11:57:21');

-- --------------------------------------------------------

--
-- Table structure for table `historic`
--

CREATE TABLE `historic` (
  `id` int(11) NOT NULL,
  `pid` int(11) NOT NULL,
  `quantity` int(11) NOT NULL,
  `price` decimal(11,2) NOT NULL,
  `cost` decimal(11,2) NOT NULL,
  `total` decimal(11,2) NOT NULL,
  `profit` decimal(11,2) NOT NULL,
  `year` varchar(30) NOT NULL,
  `month` varchar(30) NOT NULL,
  `day` varchar(30) NOT NULL,
  `time` varchar(30) NOT NULL,
  `status` varchar(30) NOT NULL COMMENT 'may be stockin or stockout'
) ENGINE=InnoDB DEFAULT CHARSET=utf8mb4 COLLATE=utf8mb4_general_ci;

-- --------------------------------------------------------

--
-- Table structure for table `privilages`
--

CREATE TABLE `privilages` (
  `id` int(11) NOT NULL,
  `uid` int(11) NOT NULL,
  `title` varchar(60) NOT NULL
) ENGINE=InnoDB DEFAULT CHARSET=utf8mb4 COLLATE=utf8mb4_general_ci;

--
-- Dumping data for table `privilages`
--

INSERT INTO `privilages` (`id`, `uid`, `title`) VALUES
(1, 15, 'Dashboard'),
(2, 15, 'Add Product'),
(3, 15, 'View Product'),
(4, 15, 'Stock Recorded'),
(5, 15, 'Add User'),
(6, 15, 'Messages'),
(7, 15, 'Report');

-- --------------------------------------------------------

--
-- Table structure for table `product`
--

CREATE TABLE `product` (
  `pid` int(11) NOT NULL,
  `pname` varchar(30) NOT NULL,
  `decription` varchar(200) NOT NULL,
  `image` varchar(200) NOT NULL,
  `location` varchar(30) NOT NULL
) ENGINE=InnoDB DEFAULT CHARSET=utf8mb4 COLLATE=utf8mb4_general_ci;

--
-- Dumping data for table `product`
--

INSERT INTO `product` (`pid`, `pname`, `decription`, `image`, `location`) VALUES
(1, 'BACK DOOR RAVA 4 (2006)', 'BACK DOOR RAVA 4 (2006)', '', 'BLOC A'),
(2, 'RADIATOR RAV 4 2008-2012', 'RADIATOR RAV 4 2008-2012', '', 'BLOC A'),
(3, 'RADIATOR HILIX VIGO (FORTUNER)', 'RADIATOR HILIX VIGO (FORTUNER)', '', 'BLOC A'),
(4, 'RADIATOR LC 200 DIESEL', 'RADIATOR LC 200 DIESEL', '', 'BLOC A'),
(5, 'RADIATOR VIGO MAZUTU', 'RADIATOR VIGO MAZUTU', '', 'BLOC A'),
(6, 'RADIATOR HILUX FORTUNER (REVO)', 'RADIATOR HILUX FORTUNER (REVO) VIGO ESSENCE', '', 'BLOC A'),
(7, 'RADIATOR HIGHLANDER', 'RADIATOR HIGHLANDER', '', 'BLOC A'),
(8, 'RADIATOR NISSAN TERANU', 'RADIATOR NISSAN TERANU', '', 'BLOC A'),
(9, 'RADIATOR HILUX VIGO DIESEL 200', 'RADIATOR HILUX VIGO DIESEL 2005-2015', '', 'BLOC A'),
(10, 'RADIATOR HILUX VIGO GAZ 2005-2', 'RADIATOR HILUX VIGO GAZ 2005-2015', '', 'BLOC A'),
(11, 'RADIATOR RAVA 4 2006-2014', 'RADIATOR RAVA 4 2006-2014', '', 'BLOC A'),
(12, 'RADIATOR VIGO DIESEL', 'RADIATOR VIGO DIESEL', '', 'BLOC A'),
(13, 'RADITOR HIACE RUNWA', 'RADITOR HIACE RUNWA', '', 'BLOC A'),
(14, 'RADIATOR CARINA E', 'RADIATOR CARINA E', '', 'BLOC A'),
(15, 'RADIATOR IPSAMU', 'RADIATOR IPSAMU', '', 'BLOC A'),
(16, 'CONDESSOR XXX', 'CONDESSOR XXX', '', 'BLOC A'),
(17, 'BACK DOOR V8 2023', 'BACK DOOR V8 2023', '', 'BLOC A'),
(18, 'BACK DOOR AVENSIS 1998-2000 KI', 'BACK DOOR AVENSIS 1998-2000 KIBUTU', '', 'BLOC A'),
(19, 'ML BACK DOOR 2000', 'ML BACK DOOR 2000', '', 'BLOC A'),
(20, 'BACK DOOR PICNIC IPSAMU 1998', 'BACK DOOR PICNIC IPSAMU 1998', '', 'BLOC A'),
(21, 'BACK DOOR DINA 1998', 'BACK DOOR DINA 1998', '', 'BLOC A'),
(22, 'BACK DOOR COROLLA VERSO 2004', 'BACK DOOR COROLLA VERSO 2004', '', 'BLOC A'),
(23, 'BACK DOOR SPACIO 2000', 'BACK DOOR SPACIO 2000', '', 'BLOC A'),
(24, 'BACK DOOR YARIS 2006 OCCASION ', 'BACK DOOR YARIS 2006 OCCASION DUBAI', '', 'BLOC A'),
(25, 'BACK DOOR PRIMO 1995', 'BACK DOOR PRIMO 1995', '', 'BLOC A'),
(26, 'BACK DOOR COROLLA CANADA 2000', 'BACK DOOR COROLLA CANADA 2000', '', 'BLOC A'),
(27, 'BACK DOOR COROLLA 2002', 'BACK DOOR COROLLA 2002', '', 'BLOC A'),
(28, 'BACK DOOR ECHO 2000', 'BACK DOOR ECHO 2000', '', 'BLOC A'),
(29, 'BACK DOOR CORONA 1995', 'BACK DOOR CORONA 1995', '', 'BLOC A'),
(30, 'BACK DOOR V82008-2015', 'BACK DOOR V82008-2015', '', 'BLOC A'),
(31, 'BACK DOOR AVENSIS 2004', 'BACK DOOR AVENSIS 2004', '', 'BLOC A'),
(32, 'BACK DOOR CORONA KIBUTU 1994', 'BACK DOOR CORONA KIBUTU 1994', '', 'BLOC A'),
(33, 'BACK DOOR COROLLA MACHO 4', 'BACK DOOR COROLLA MACHO 4', '', 'BLOC A'),
(34, 'BACK DOOR COROLLA MATRIX', 'BACK DOOR COROLLA MATRIX', '', 'BLOC A'),
(35, 'BACK DOOR COROLLA VERSO 2004', 'BACK DOOR COROLLA VERSO 2004', '', 'BLOC A'),
(36, 'TAIL LAMP SPACIO RH', 'TAIL LAMP SPACIO RH', '', 'BLOC A'),
(37, 'TAIL LAMP SPACIO LH', 'TAIL LAMP SPACIO LH', '', 'BLOC A'),
(38, 'BIZ RADIATOR HILUX REVO 2016', 'BIZ RADIATOR HILUX REVO 2016', '', 'BLOC A'),
(39, 'BIZ RADIATOR LC 90', 'BIZ RADIATOR LC 90', '', 'BLOC A'),
(40, 'BIZ RADIATOR HILUX 2004', 'BIZ RADIATOR HILUX 2004', '', 'BLOC A'),
(41, 'BIZ RADIATOR VIGO 2006-2014', 'BIZ RADIATOR VIGO 2006-2014', '', 'BLOC A'),
(42, 'SIDE MIRROR YARIS 2006 RH', 'SIDE MIRROR YARIS 2006 RH', '', 'BLOC A'),
(43, 'SIDE MIRROR COROLLA 2006', 'SIDE MIRROR COROLLA 2006', '', 'BLOC A'),
(44, 'HEAD LAMP FORTUNE LH', 'HEAD LAMP FORTUNE LH', '', 'BLOC A'),
(45, 'HEAD LAMP V8 RH', 'HEAD LAMP V8 RH', '', 'BLOC A'),
(46, 'HEAD LAMP AVENZA 2015 LH', 'HEAD LAMP AVENZA 2015 LH', '', 'BLOC A'),
(47, 'HEAD LAMP COROLLA EUROPE LH', 'HEAD LAMP COROLLA EUROPE LH', '', 'BLOC A'),
(48, 'HORNS BIG', 'HORNS BIG', '', 'BLOC A'),
(49, 'HORNS SMALL', 'HORNS SMALL', '', 'BLOC A'),
(50, 'REAR LAMP TXL 2020 RH', 'REAR LAMP TXL 2020 RH', '', 'BLOC A'),
(51, 'REAR LAMP TXL 2020 LH', 'REAR LAMP TXL 2020 LH', '', 'BLOC A'),
(52, 'REAR LAMP FORTUNER 2012', 'REAR LAMP FORTUNER 2012', '', 'BLOC A'),
(53, 'REAR LAMP COROLLA 2003 RH', 'REAR LAMP COROLLA 2003 RH', '', 'BLOC A'),
(54, 'REAR LAMP COROLLA 2003 LH', 'REAR LAMP COROLLA 2003 LH', '', 'BLOC A'),
(55, 'REAR LAMP V8 2023 SET BACK LAM', 'REAR LAMP V8 2023 SET BACK LAMP RH', '', 'BLOC A'),
(56, 'REAR LAMP V8 2023 SET BACK LAM', 'REAR LAMP V8 2023 SET BACK LAMP LH', '', 'BLOC A'),
(57, 'HEAD LAMP V8 2016-2018 RH', 'HEAD LAMP V8 2016-2018 RH', '', 'BLOC A'),
(58, 'HEAD LAMP V8 2016-2018 LH', 'HEAD LAMP V8 2016-2018 LH', '', 'BLOC A'),
(59, 'HEAD LAMP V8 2008-2015 RH', 'HEAD LAMP V8 2008-2015 RH', '', 'BLOC A'),
(60, 'HEAD LAMP V8 2008-2015 LH', 'HEAD LAMP V8 2008-2015 LH', '', 'BLOC A'),
(61, 'REAR LAMP V8 2016 RH', 'REAR LAMP V8 2016 RH', '', 'BLOC A'),
(62, 'REAR LAMP V8 2016 LH', 'REAR LAMP V8 2016 LH', '', 'BLOC A'),
(63, 'REAR LAMP V8 2016 1 SET RH', 'REAR LAMP V8 2016 1 SET RH', '', 'BLOC A'),
(64, 'REAR LAMP V8 2016 1 SET LH', 'REAR LAMP V8 2016 1 SET LH', '', 'BLOC A'),
(65, 'REAL LAMP AVENSIS 1998-2000 RH', 'REAL LAMP AVENSIS 1998-2000 RH', '', 'BLOC A'),
(66, 'REAR LAMP TXL 2020 LH', 'REAR LAMP TXL 2020 LH', '', 'BLOC A'),
(67, 'INTERIOR DESIGN INSIDE THE CAR', 'INTERIOR DESIGN INSIDE THE CAR', '', 'BLOC A'),
(68, 'REAR LAMP RAVA 4 2016 RH', 'REAR LAMP RAVA 4 2016 RH', '', 'BLOC A'),
(69, 'REAR LAMP RAVA 4 2016 LH', 'REAR LAMP RAVA 4 2016 LH', '', 'BLOC A'),
(70, 'HEAD LAMP V8 2008 OCCASION LH', 'HEAD LAMP V8 2008 OCCASION LH', '', 'BLOC A'),
(71, 'REAR LAMP COROLLA VERSO 2004 U', 'REAR LAMP COROLLA VERSO 2004 USED RH', '', 'BLOC A'),
(72, 'REAR LAMP COROLLA VERSO 2004 U', 'REAR LAMP COROLLA VERSO 2004 USED LH', '', 'BLOC A'),
(73, 'HEAD LAMP AKAZERU RH', 'HEAD LAMP AKAZERU RH', '', 'BLOC A'),
(74, 'HEAD LAMP AKAZERU LH', 'HEAD LAMP AKAZERU LH', '', 'BLOC A'),
(75, 'HEAD LAMP COROLLA 2002 RH', 'HEAD LAMP COROLLA 2002 RH', '', 'BLOC A'),
(76, 'HEAD LAMP COROLLA 2002 LH', 'HEAD LAMP COROLLA 2002 LH', '', 'BLOC A'),
(77, 'HEAD LAMP CARINA E 1992-1993 R', 'HEAD LAMP CARINA E 1992-1993 RH', '', 'BLOC A'),
(78, 'HEAD LAMP CARINA E 1992-1993 L', 'HEAD LAMP CARINA E 1992-1993 LH', '', 'BLOC A'),
(79, 'HEAD LAMP COROLLA 2005 RH', 'HEAD LAMP COROLLA 2005 RH', '', 'BLOC A'),
(80, 'HEAD LAMP COROLLA 2005 LH', 'HEAD LAMP COROLLA 2005 LH', '', 'BLOC A'),
(81, 'HEAD LAMP COROLLA AE 101 RY\'AM', 'HEAD LAMP COROLLA AE 101 RY\'AMAZI LH', '', 'BLOC A'),
(82, 'HEAD LAMP COROLLA ALTIS RH', 'HEAD LAMP COROLLA ALTIS RH', '', 'BLOC A'),
(83, 'HEAD LAMP COROLLA ALTIS LH', 'HEAD LAMP COROLLA ALTIS LH', '', 'BLOC A'),
(84, 'HEAD LAMP FORTUNER RH', 'HEAD LAMP FORTUNER RH', '', 'BLOC A'),
(85, 'HEAD LAMP FORTUNER LH', 'HEAD LAMP FORTUNER LH', '', 'BLOC A'),
(86, 'REAR LAMP CORO2013 LH', 'REAR LAMP CORO2013 LH', '', 'BLOC A'),
(87, 'REAR LAMP YARIS 2006 RH', 'REAR LAMP YARIS 2006 RH', '', 'BLOC A'),
(88, 'REAR LAMP YARIS 2006 LH', 'REAR LAMP YARIS 2006 LH', '', 'BLOC A'),
(89, 'REAR LAMP TXL 2010-2014 (RH+LH', 'REAR LAMP TXL 2010-2014 (RH+LH)', '', 'BLOC A'),
(90, 'REAR LAMP ECHO LH', 'REAR LAMP ECHO LH', '', 'BLOC A'),
(91, 'REAR LAMP COROLLA SEDAN 2004-2', 'REAR LAMP COROLLA SEDAN 2004-2005 RH', '', 'BLOC A'),
(92, 'REAR LAMP COROLLA SEDAN 2004-2', 'REAR LAMP COROLLA SEDAN 2004-2005 LH', '', 'BLOC A'),
(93, 'REAR LAMP RANGER ROVER 2012 LH', 'REAR LAMP RANGER ROVER 2012 LH', '', 'BLOC A'),
(94, 'REAR LAMP HILUX REVO LH', 'REAR LAMP HILUX REVO LH', '', 'BLOC A'),
(95, 'REAR LAMP PRADO 2014 LH', 'REAR LAMP PRADO 2014 LH', '', 'BLOC A'),
(96, 'REAR RAVA 4 2013 RH', 'REAR RAVA 4 2013 RH', '', 'BLOC A'),
(97, 'REAR RAVA 4 2013 LH', 'REAR RAVA 4 2013 LH', '', 'BLOC A'),
(98, 'RAER LAMP AVANZA RH', 'RAER LAMP AVANZA RH', '', 'BLOC A'),
(99, 'REAR LAMP RAVA4 2008 LH', 'REAR LAMP RAVA4 2008 LH', '', 'BLOC A'),
(100, 'REAR LAMP REV0 2018 RH', 'REAR LAMP REV0 2018 RH', '', 'BLOC A'),
(101, 'REAR LAMP REV0 2018 LH', 'REAR LAMP REV0 2018 LH', '', 'BLOC A'),
(102, 'REAR LAMP V8 DEPO & CHINE RH', 'REAR LAMP V8 DEPO & CHINE RH', '', 'BLOC A'),
(103, 'REAR LAMP V8 DEPO & CHINE LH', 'REAR LAMP V8 DEPO & CHINE LH', '', 'BLOC A'),
(104, 'REAR LAMP V8 2018 1 SET', 'REAR LAMP V8 2018 1 SET', '', 'BLOC A'),
(105, 'REAR LAMP 2016 RH', 'REAR LAMP 2016 RH', '', 'BLOC A'),
(106, 'REAR LAMP 2016 LH', 'REAR LAMP 2016 LH', '', 'BLOC A'),
(107, 'HEAD LAMP YARIS 2000 RH', 'HEAD LAMP YARIS 2000 RH', '', 'BLOC A'),
(108, 'REAR LAMP PRADO 2000 RH', 'REAR LAMP PRADO 2000 RH', '', 'BLOC A'),
(109, 'REAR LAMP PRADO 2000 LH', 'REAR LAMP PRADO 2000 LH', '', 'BLOC A'),
(110, 'REAR LAMP V8 2012 RH', 'REAR LAMP V8 2012 RH', '', 'BLOC A'),
(111, 'REAR LAMP SERI 10 RH', 'REAR LAMP SERI 10 RH', '', 'BLOC A'),
(112, 'REAR LAMP SERI 10 LH', 'REAR LAMP SERI 10 LH', '', 'BLOC A'),
(113, 'REAR LAML COASTER RH', 'REAR LAML COASTER RH', '', 'BLOC A'),
(114, 'REAR LAML COASTER LH', 'REAR LAML COASTER LH', '', 'BLOC A'),
(115, 'REAR LAMP COROLLA CANADA 2003 ', 'REAR LAMP COROLLA CANADA 2003 RH', '', 'BLOC A'),
(116, 'HEAD LAM COROLLA CANADA 2003 L', 'HEAD LAM COROLLA CANADA 2003 LH', '', 'BLOC A'),
(117, 'REAR LAMP AVENSIS 2003 LH', 'REAR LAMP AVENSIS 2003 LH', '', 'BLOC A'),
(118, 'REAR LAMP FORTUNER 2013 RH', 'REAR LAMP FORTUNER 2013 RH', '', 'BLOC A'),
(119, 'REAR LAMP FORTUNER 2010 RH', 'REAR LAMP FORTUNER 2010 RH', '', 'BLOC A'),
(120, 'RAER LAMP LAND CRUISER 2012 RH', 'RAER LAMP LAND CRUISER 2012 RH', '', 'BLOC A'),
(121, 'REAR LAMP LAND CRUISER 2012 LH', 'REAR LAMP LAND CRUISER 2012 LH', '', 'BLOC A'),
(122, 'REAR LAMP SPRINTA', 'REAR LAMP SPRINTA', '', 'BLOC A'),
(123, 'REAR LAMP COROLLA 2001 RH', 'REAR LAMP COROLLA 2001 RH', '', 'BLOC A'),
(124, 'REAR LAMP FORTUNER 2010 RH', 'REAR LAMP FORTUNER 2010 RH', '', 'BLOC A'),
(125, 'REAR LAMP FORTUNER 2010 LH', 'REAR LAMP FORTUNER 2010 LH', '', 'BLOC A'),
(126, 'REAR LAMP AVENSIS 2004 BUT DAM', 'REAR LAMP AVENSIS 2004 BUT DAMAGED', '', 'BLOC A'),
(127, 'REAR LAMP COROLLA HASHBAG 2000', 'REAR LAMP COROLLA HASHBAG 2000', '', 'BLOC A'),
(128, 'REAR LAMP CARINA E 2000 RH', 'REAR LAMP CARINA E 2000 RH', '', 'BLOC A'),
(129, 'REAR DOOR MARIX RH2001', 'REAR DOOR MARIX RH2001', '', 'BLOC A'),
(130, 'REAR DOOR SERI 10 RH', 'REAR DOOR SERI 10 RH', '', 'BLOC A'),
(131, 'FRONT DOOR BENZ ML RH', 'FRONT DOOR BENZ ML RH', '', 'BLOC A'),
(132, 'FRONT DOOR BENZ ML LH', 'FRONT DOOR BENZ ML LH', '', 'BLOC A'),
(133, 'REAR DOOR RH', 'REAR DOOR RH', '', 'BLOC A'),
(134, 'REAR DOOR RAVA 4 2002 RH', 'REAR DOOR RAVA 4 2002 RH', '', 'BLOC A'),
(135, 'FRONT DOOR RAVA 4 2008 RH', 'FRONT DOOR RAVA 4 2008 RH', '', 'BLOC A'),
(136, 'FRONT DOOR RAVA LH', 'FRONT DOOR RAVA LH', '', 'BLOC A'),
(137, 'REAR DOOR AVENSIS VERSO 2004 L', 'REAR DOOR AVENSIS VERSO 2004 LH', '', 'BLOC A'),
(138, 'FRONT DOOR COROLLA CANADA LH', 'FRONT DOOR COROLLA CANADA LH', '', 'BLOC A'),
(139, 'FRONT DOOR HONDA CLV', 'FRONT DOOR HONDA CLV', '', 'BLOC A'),
(140, 'REAR DOOR HONDA CLV', 'REAR DOOR HONDA CLV', '', 'BLOC A'),
(141, 'REAR DOOR AVENSIS', 'REAR DOOR AVENSIS', '', 'BLOC A'),
(142, 'TAIL LAMP COROLLA 98 AGAHONDO ', 'TAIL LAMP COROLLA 98 AGAHONDO RH +LH', '', 'BLOC A'),
(143, 'FRONT DOOR REVO 2016 LH', 'FRONT DOOR REVO 2016 LH', '', 'BLOC B'),
(144, 'FRONT DOOR REVO 2016 RH', 'FRONT DOOR REVO 2016 RH', '', 'BLOC B'),
(145, 'REAR DOOR REVO 2016 LH', 'REAR DOOR REVO 2016 LH', '', 'BLOC B'),
(146, 'REAR DOOR VIGO RH', 'REAR DOOR VIGO RH', '', 'BLOC B'),
(147, 'FRONT DOOR V8 2016 RH', 'FRONT DOOR V8 2016 RH', '', 'BLOC B'),
(148, 'FRONT DOOR V8 2016 RL', 'FRONT DOOR V8 2016 RL', '', 'BLOC B'),
(149, 'FRONT DOOR V8 2008-2015 RH', 'FRONT DOOR V8 2008-2015 RH', '', 'BLOC B'),
(150, 'FRONT DOOR V8 2008-2015 LH', 'FRONT DOOR V8 2008-2015 LH', '', 'BLOC B'),
(151, 'FRONT DOOR VIGO 2006-2012 LH', 'FRONT DOOR VIGO 2006-2012 LH', '', 'BLOC B'),
(152, 'FRONT DOOR VIGO LH', 'FRONT DOOR VIGO LH', '', 'BLOC B'),
(153, 'REAR DOOR VIGO LH', 'REAR DOOR VIGO LH', '', 'BLOC B'),
(154, 'FRONT DOOR VIGO SIMPLE CABINE ', 'FRONT DOOR VIGO SIMPLE CABINE RH', '', 'BLOC B'),
(155, 'FRONT DOOR VIGO SIMPLE CABINE ', 'FRONT DOOR VIGO SIMPLE CABINE LH', '', 'BLOC B'),
(156, 'HUSSE COROLLA 2008-2014', 'HUSSE COROLLA 2008-2014', '', 'BLOC B'),
(157, 'HUSSE 2014', 'HUSSE 2014', '', 'BLOC B'),
(158, 'HUSSE PRADO 2003-2009', 'HUSSE PRADO 2003-2009', '', 'BLOC B'),
(159, 'HUSSE LC2023', 'HUSSE LC2023', '', 'BLOC B'),
(160, 'HUSSE FJ 2007', 'HUSSE FJ 2007', '', 'BLOC B'),
(161, 'HUSSE FORTUNER 2006-2007', 'HUSSE FORTUNER 2006-2007', '', 'BLOC B'),
(162, 'HUSSE VIGO 2016-2020', 'HUSSE VIGO 2016-2020', '', 'BLOC B'),
(163, 'REAR DOOR MASOYINYANA 2008-201', 'REAR DOOR MASOYINYANA 2008-2012 RH', '', 'BLOC C'),
(164, 'REAR DOOR MASOYINYANA 2008-201', 'REAR DOOR MASOYINYANA 2008-2012 LH', '', 'BLOC C'),
(165, 'FRONT DOOR SIMPLE CABINE LH', 'FRONT DOOR SIMPLE CABINE LH', '', 'BLOC C'),
(166, 'RAER DOOR YARIS 2006 LH', 'RAER DOOR YARIS 2006 LH', '', 'BLOC C'),
(167, 'RAER DOOR YARIS 2006 RH', 'RAER DOOR YARIS 2006 RH', '', 'BLOC C'),
(168, 'FRONT DOOR YARIS 2006 RH', 'FRONT DOOR YARIS 2006 RH', '', 'BLOC C'),
(169, 'FRONT DOOR YARIS 2006 RH', 'FRONT DOOR YARIS 2006 RH', '', 'BLOC C'),
(170, 'FRONT DOOR RAVA 4 2013-2018 LH', 'FRONT DOOR RAVA 4 2013-2018 LH', '', 'BLOC C'),
(171, 'REAR DOOR RAVA 4 2013-2018 RH', 'REAR DOOR RAVA 4 2013-2018 RH', '', 'BLOC C'),
(172, 'REAR DOOR RAVA 4 2013-2018 LH', 'REAR DOOR RAVA 4 2013-2018 LH', '', 'BLOC C'),
(173, 'FRONT DOOR 2000-2005 RH1', 'FRONT DOOR 2000-2005 RH1', '', 'BLOC C'),
(174, 'HOOD BENZ 180', 'HOOD BENZ 180', '', 'BLOC D1'),
(175, 'HOOD INCONNU', 'HOOD INCONNU', '', 'BLOC D1'),
(176, 'HOOD RAVA 4 2013', 'HOOD RAVA 4 2013', '', 'BLOC D1'),
(177, 'HOOD RAVA 4 2016', 'HOOD RAVA 4 2016', '', 'BLOC D1'),
(178, 'HOOD RAVA 4 2020', 'HOOD RAVA 4 2020', '', 'BLOC D1'),
(179, 'HOOD VIGO 2006', 'HOOD VIGO 2006', '', 'BLOC D1'),
(180, 'HOOD VIGO LEVO BONET 2016-2019', 'HOOD VIGO LEVO BONET 2016-2019', '', 'BLOC D1'),
(181, 'HOOD HILUX 2011-2014', 'HOOD HILUX 2011-2014', '', 'BLOC D1'),
(182, 'HOOD SURAMBAYA 2017', 'HOOD SURAMBAYA 2017', '', 'BLOC D1'),
(183, 'HOOD SERI 10', 'HOOD SERI 10', '', 'BLOC D1'),
(184, 'HOOD HIGHLANDER 2008-2016', 'HOOD HIGHLANDER 2008-2016', '', 'BLOC D1'),
(185, 'HOOD HIGHLANDER 2011-2013', 'HOOD HIGHLANDER 2011-2013', '', 'BLOC D1'),
(186, 'HOOD TXL PRADO 2010-2014', 'HOOD TXL PRADO 2010-2014', '', 'BLOC D1'),
(187, 'HOOD HIGHLANDER 2008-2010', 'HOOD HIGHLANDER 2008-2010', '', 'BLOC D1'),
(188, 'HEAD LAMP PRADO 2020  USED RH', 'HEAD LAMP PRADO 2020  USED RH', '', 'BLOC D1'),
(189, 'HEAD LAMP PRADO 2020  USED RH', 'HEAD LAMP PRADO 2020  USED RH', '', 'BLOC D1'),
(190, 'HEAD LAMP PRADO 2020  NEW RH', 'HEAD LAMP PRADO 2020  NEW RH', '', 'BLOC D1'),
(191, 'HEAD LAMP PRADO 2020  NEW LH', 'HEAD LAMP PRADO 2020  NEW LH', '', 'BLOC D1'),
(192, 'HEAD LAMP 2015 LH', 'HEAD LAMP 2015 LH', '', 'BLOC D1'),
(193, 'HEAD LAMP ALTIS WHITE RH', 'HEAD LAMP ALTIS WHITE RH', '', 'BLOC D1'),
(194, 'HEAD LAMP ALTIS WHITE LH', 'HEAD LAMP ALTIS WHITE LH', '', 'BLOC D1'),
(195, 'HEAD LAMP ARTIS YELLOW RH', 'HEAD LAMP ARTIS YELLOW RH', '', 'BLOC D1'),
(196, 'HEAD LAMP ARTIS YELLOW LH', 'HEAD LAMP ARTIS YELLOW LH', '', 'BLOC D1'),
(197, 'HEAD LAMP V8 2016 USED', 'HEAD LAMP V8 2016 USED', '', 'BLOC D1'),
(198, 'HOOD COROLLA CANADA 1998-2000', 'HOOD COROLLA CANADA 1998-2000', '', 'BLOC E'),
(199, 'HEAD LAMP 2008 LH', 'HEAD LAMP 2008 LH', '', 'BLOC E'),
(200, 'HEAD LAMP 2014 RH', 'HEAD LAMP 2014 RH', '', 'BLOC E'),
(201, 'HEAD LAMP RAVA 4 2013 LH', 'HEAD LAMP RAVA 4 2013 LH', '', 'BLOC E'),
(202, 'COASTER CHINE DRONE RH', 'COASTER CHINE DRONE RH', '', 'BLOC E'),
(203, 'HOOD V8 2008-2015', 'HOOD V8 2008-2015', '', 'BLOC E'),
(204, 'HOOD FORNER 2000', 'HOOD FORNER 2000', '', 'BLOC E'),
(205, 'HOOD YARIS VOITURE 2007-2008', 'HOOD YARIS VOITURE 2007-2008', '', 'BLOC E'),
(206, 'HOOD VHZ 2006', 'HOOD VHZ 2006', '', 'BLOC E'),
(207, 'HOOD COROLLA 2008', 'HOOD COROLLA 2008', '', 'BLOC E'),
(208, 'HOOD COROLLA VERSO 2004-2008', 'HOOD COROLLA VERSO 2004-2008', '', 'BLOC E'),
(209, 'HIACE HEIGHT ROOF', 'HIACE HEIGHT ROOF', '', 'BLOC E'),
(210, 'HOOD AVENSIS 2004', 'HOOD AVENSIS 2004', '', 'BLOC E'),
(211, 'HOOD MASOYINYANYA 2007', 'HOOD MASOYINYANYA 2007', '', 'BLOC E'),
(212, 'HOOD BENZ ML 2000', 'HOOD BENZ ML 2000', '', 'BLOC E'),
(213, 'HOOD LIMITED OR 106', 'HOOD LIMITED OR 106', '', 'BLOC E'),
(214, 'HOOD AVENSIS VOITURE 1996', 'HOOD AVENSIS VOITURE 1996', '', 'BLOC E'),
(215, 'HEAD LAMP HILUX REVO 2015 RH', 'HEAD LAMP HILUX REVO 2015 RH', '', 'BLOC E'),
(216, 'HEAD LAMP HILUX 2017 RH', 'HEAD LAMP HILUX 2017 RH', '', 'BLOC E'),
(217, 'HEAD LAMP RAVA 4 2016 RH', 'HEAD LAMP RAVA 4 2016 RH', '', 'BLOC E'),
(218, 'HEAD LAMP RAVA 4 2016 RH', 'HEAD LAMP RAVA 4 2016 RH', '', 'BLOC E'),
(219, 'HOOD COROLLA ALTIS 2004', 'HOOD COROLLA ALTIS 2004', '', 'BLOC E'),
(220, 'HEAD LAMP HILUX 2016 RH', 'HEAD LAMP HILUX 2016 RH', '', 'BLOC E'),
(221, 'HEAD LAMP HILUX 2004 RH', 'HEAD LAMP HILUX 2004 RH', '', 'BLOC E'),
(222, 'HEAD LAMP 2014 LH', 'HEAD LAMP 2014 LH', '', 'BLOC E'),
(223, 'HEAD LAMP COASTER DRONE CHINE ', 'HEAD LAMP COASTER DRONE CHINE RH', '', 'BLOC E'),
(224, 'HEAD LAMP CASP 2010 RH', 'HEAD LAMP CASP 2010 RH', '', 'BLOC E'),
(225, 'HEAD LAMP COROLLA 2011 RH', 'HEAD LAMP COROLLA 2011 RH', '', 'BLOC E'),
(226, 'HEAD LAMP COROLLA 2011 LH', 'HEAD LAMP COROLLA 2011 LH', '', 'BLOC E'),
(227, 'HEAD LAMP COROLLA 2010 LH', 'HEAD LAMP COROLLA 2010 LH', '', 'BLOC E'),
(228, 'HEAD LAMP VIGO 2012', 'HEAD LAMP VIGO 2012', '', 'BLOC E'),
(229, 'HEAD LAMP TOYOTA COROLLA 2003 ', 'HEAD LAMP TOYOTA COROLLA 2003 LH', '', 'BLOC E'),
(230, 'HEAD LAMP HILUX VIGO CHINE 200', 'HEAD LAMP HILUX VIGO CHINE 2004 RH', '', 'BLOC E'),
(231, 'HEAD LAMP HILUX VIGO CHINE 200', 'HEAD LAMP HILUX VIGO CHINE 2004 LH', '', 'BLOC E'),
(232, 'HEAD LAMP TUNDRA 2020 RH', 'HEAD LAMP TUNDRA 2020 RH', '', 'BLOC E'),
(233, 'HEAD LAMP TUNDRA 2020 LH', 'HEAD LAMP TUNDRA 2020 LH', '', 'BLOC E'),
(234, 'HEAD LAMP PRADO 2020 LH', 'HEAD LAMP PRADO 2020 LH', '', 'BLOC E'),
(235, 'HEAD LAMP 2014-2016 RH', 'HEAD LAMP 2014-2016 RH', '', 'BLOC E'),
(236, 'HEAD LAMP YARIS 1998-2000 RH', 'HEAD LAMP YARIS 1998-2000 RH', '', 'BLOC E'),
(237, 'HEAD LAMP YARIS 1998-2000 LH', 'HEAD LAMP YARIS 1998-2000 LH', '', 'BLOC E'),
(238, 'HEAD LAMP COROLLA ALTIS RH', 'HEAD LAMP COROLLA ALTIS RH', '', 'BLOC E'),
(239, 'HEAD LAMP COROLLA ALTIS LH', 'HEAD LAMP COROLLA ALTIS LH', '', 'BLOC E'),
(240, 'HEAD LAMP FORTUNER DEPO 2014 R', 'HEAD LAMP FORTUNER DEPO 2014 RH', '', 'BLOC E'),
(241, 'HOOD RAVA 4 2002', 'HOOD RAVA 4 2002', '', 'BLOC F'),
(242, 'HOOD MATRIX 2003-2008', 'HOOD MATRIX 2003-2008', '', 'BLOC F'),
(243, 'HOOD MATRIX 2009-2013', 'HOOD MATRIX 2009-2013', '', 'BLOC F'),
(244, 'HOOD HILUX 94-98', 'HOOD HILUX 94-98', '', 'BLOC F'),
(245, 'HOOD LIMITED 1992-1994', 'HOOD LIMITED 1992-1994', '', 'BLOC F'),
(246, 'BACK DOOR TXL 2010 WITH TYR', 'BACK DOOR TXL 2010 WITH TYR', '', 'BLOC F'),
(247, 'BACK DOOR V8 2016', 'BACK DOOR V8 2016', '', 'BLOC F'),
(248, 'BACK DOOR TXL 2020', 'BACK DOOR TXL 2020', '', 'BLOC F'),
(249, 'BACK DOOR 2008-2023', 'BACK DOOR 2008-2023', '', 'BLOC F'),
(250, 'HOOD V8 2016-2020', 'HOOD V8 2016-2020', '', 'BLOC F'),
(251, 'HOOD TXL 2016-2020', 'HOOD TXL 2016-2020', '', 'BLOC F'),
(252, 'HOOD TUNDRA', 'HOOD TUNDRA', '', 'BLOC F'),
(253, 'HOOD XXX', 'HOOD XXX', '', 'BLOC F'),
(254, 'HEAD LAMP LC 2018 RH', 'HEAD LAMP LC 2018 RH', '', 'BLOC F'),
(255, 'HEAD LAMP V8 2016', 'HEAD LAMP V8 2016', '', 'BLOC F'),
(256, 'HEAD LAMP LC 2008 2015 LH', 'HEAD LAMP LC 2008 2015 LH', '', 'BLOC F'),
(257, 'HEAD LAMP HILUX REVO 2015 RH', 'HEAD LAMP HILUX REVO 2015 RH', '', 'BLOC F'),
(258, 'HEAD LAMP HILUX REVO 2015 RH', 'HEAD LAMP HILUX REVO 2015 RH', '', 'BLOC F'),
(259, 'HEAD LAMP HASHBAG RIFILE AGASH', 'HEAD LAMP HASHBAG RIFILE AGASHYUNDU RH', '', 'BLOC F'),
(260, 'HEAD LAMP HASHBAG RIFILE AGASH', 'HEAD LAMP HASHBAG RIFILE AGASHYUNDU LH', '', 'BLOC F'),
(261, 'HEAD LAMP COROLLA 2005 RH', 'HEAD LAMP COROLLA 2005 RH', '', 'BLOC F'),
(262, 'HEAD LAMP COROLLA 2005 LH', 'HEAD LAMP COROLLA 2005 LH', '', 'BLOC F'),
(263, 'HEAD LAMP RAVA 4 2006 RH', 'HEAD LAMP RAVA 4 2006 RH', '', 'BLOC F'),
(264, 'HEAD LAMP RAVA 4 2006 LH', 'HEAD LAMP RAVA 4 2006 LH', '', 'BLOC F'),
(265, 'HEAD LAMP RAVA 4 2006 RH', 'HEAD LAMP RAVA 4 2006 RH', '', 'BLOC F'),
(266, 'HEAD LAMP MATRIX RH', 'HEAD LAMP MATRIX RH', '', 'BLOC F'),
(267, 'HEAD LAMP MATRIX LH', 'HEAD LAMP MATRIX LH', '', 'BLOC F'),
(268, 'HEAD LAMP VIGO 2009 LH', 'HEAD LAMP VIGO 2009 LH', '', 'BLOC F'),
(269, 'HEAD LAMP VIGO 2011 LH', 'HEAD LAMP VIGO 2011 LH', '', 'BLOC F'),
(270, 'HEAD LAMP VIGO 2011 RH', 'HEAD LAMP VIGO 2011 RH', '', 'BLOC F'),
(271, 'HEAD LAMP CARINA E 93 LH', 'HEAD LAMP CARINA E 93 LH', '', 'BLOC F'),
(272, 'HEAD LAMP YARIS 2006 VOITURE R', 'HEAD LAMP YARIS 2006 VOITURE RH', '', 'BLOC F'),
(273, 'HEAD LAMP YARIS 2006 VOITURE L', 'HEAD LAMP YARIS 2006 VOITURE LH', '', 'BLOC F'),
(274, 'HEAD LAMP HIGHLANDER 2011-2013', 'HEAD LAMP HIGHLANDER 2011-2013 LH', '', 'BLOC F'),
(275, 'HEAD LAMP HIGHLANDER LH 2004 R', 'HEAD LAMP HIGHLANDER LH 2004 RH', '', 'BLOC F'),
(276, 'HEAD LAMP HIGHLANDER 2008-2010', 'HEAD LAMP HIGHLANDER 2008-2010 LH', '', 'BLOC F'),
(277, 'HEAD LAMP HIGHLANDER 2008-2010', 'HEAD LAMP HIGHLANDER 2008-2010 RH', '', 'BLOC F'),
(278, 'HEAD LAMP 2001-2003 RH', 'HEAD LAMP 2001-2003 RH', '', 'BLOC F'),
(279, 'HEAD LAMP FORTUNER 2008-2010 R', 'HEAD LAMP FORTUNER 2008-2010 RH', '', 'BLOC F'),
(280, 'HEAD LAMP HIACE 2014 RH', 'HEAD LAMP HIACE 2014 RH', '', 'BLOC F'),
(281, 'HEAD LAMP HIACE 2014 LH', 'HEAD LAMP HIACE 2014 LH', '', 'BLOC F'),
(282, 'HEAD LAMP COROLLA 98 (100) RH', 'HEAD LAMP COROLLA 98 (100) RH', '', 'BLOC F'),
(283, 'HEAD LAMP YARIS 99 LH', 'HEAD LAMP YARIS 99 LH', '', 'BLOC F'),
(284, 'HEAD LAMP FJ SERI 10', 'HEAD LAMP FJ SERI 10', '', 'BLOC F'),
(285, 'HUSSE UNIVERSAL', 'HUSSE UNIVERSAL', '', 'BLOCK G1'),
(286, 'HUSSE PRADO 20102014', 'HUSSE PRADO 20102014', '', 'BLOCK G1'),
(287, 'HUSSE RAVA 4 2001-2005', 'HUSSE RAVA 4 2001-2005', '', 'BLOCK G1'),
(288, 'HUSSE RAVA 4 1996-2000', 'HUSSE RAVA 4 1996-2000', '', 'BLOCK G1'),
(289, 'HUSSE RAVA 4 2006-2012', 'HUSSE RAVA 4 2006-2012', '', 'BLOCK G1'),
(290, 'HUSSE YARIS 2011', 'HUSSE YARIS 2011', '', 'BLOCK G1'),
(291, 'HUSSE V8', 'HUSSE V8', '', 'BLOCK G1'),
(292, 'HUSSE HARD TOP', 'HUSSE HARD TOP', '', 'BLOCK G1'),
(293, 'HUSSE LC 2008-2010', 'HUSSE LC 2008-2010', '', 'BLOCK G1'),
(294, 'HUSSE 2008-2014', 'HUSSE 2008-2014', '', 'BLOCK G1'),
(295, 'FENDER V8 2018 RH', 'FENDER V8 2018 RH', '', 'BLOCK G1'),
(296, 'FENDER V8 2018 LH', 'FENDER V8 2018 LH', '', 'BLOCK G1'),
(297, 'FENDER LC 300 RH', 'FENDER LC 300 RH', '', 'BLOCK G1'),
(298, 'FENDER LC 300 LH', 'FENDER LC 300 LH', '', 'BLOCK G1'),
(299, 'FENDER REVO 2018 RH', 'FENDER REVO 2018 RH', '', 'BLOCK G1'),
(300, 'FENDER REVO 2018 LH', 'FENDER REVO 2018 LH', '', 'BLOCK G1'),
(301, 'FENDER VIGO 2014 RH', 'FENDER VIGO 2014 RH', '', 'BLOCK G1'),
(302, 'FENDER VIGO 2014 RH', 'FENDER VIGO 2014 RH', '', 'BLOCK G1'),
(303, 'FENDER 2005-2008 RH', 'FENDER 2005-2008 RH', '', 'BLOCK G1'),
(304, 'FENDER 2005-2008 LH', 'FENDER 2005-2008 LH', '', 'BLOCK G1'),
(305, 'FENDER MATRIX 2003-2008 RH', 'FENDER MATRIX 2003-2008 RH', '', 'BLOCK G1'),
(306, 'FENDER MATRIX 2003-2008 LH', 'FENDER MATRIX 2003-2008 LH', '', 'BLOCK G1'),
(307, 'FENDER YARIS 2005 RH', 'FENDER YARIS 2005 RH', '', 'BLOCK G1'),
(308, 'FENDER YARIS 2007-2011 RH', 'FENDER YARIS 2007-2011 RH', '', 'BLOCK G1'),
(309, 'FENDER YARIS 2007-2011 LH', 'FENDER YARIS 2007-2011 LH', '', 'BLOCK G1'),
(310, 'FENDER YARIS 2000 RH', 'FENDER YARIS 2000 RH', '', 'BLOCK G1'),
(311, 'FENDER YARIS 2000 RH', 'FENDER YARIS 2000 RH', '', 'BLOCK G1'),
(312, 'FENDER HIGHLANDER 2008-2010 RH', 'FENDER HIGHLANDER 2008-2010 RH', '', 'BLOCK G1'),
(313, 'FENDER HIGHLANDER 2008-2010 LH', 'FENDER HIGHLANDER 2008-2010 LH', '', 'BLOCK G1'),
(314, 'FENDER RAVA 4 2008-2012 RH', 'FENDER RAVA 4 2008-2012 RH', '', 'BLOCK G1'),
(315, 'FENDER RAVA 4 2008-2012 RH', 'FENDER RAVA 4 2008-2012 RH', '', 'BLOCK G1'),
(316, 'FENDER TXL RH', 'FENDER TXL RH', '', 'BLOCK G1'),
(317, 'FENDER TXL RH', 'FENDER TXL RH', '', 'BLOCK G1'),
(318, 'FENDER PRADO 2020 RH', 'FENDER PRADO 2020 RH', '', 'BLOCK G1'),
(319, 'FENDER PRADO 2020 LH', 'FENDER PRADO 2020 LH', '', 'BLOCK G1'),
(320, 'FENDER SURAMBAYA RH', 'FENDER SURAMBAYA RH', '', 'BLOCK G1'),
(321, 'FENDER SURAMBAYA LH', 'FENDER SURAMBAYA LH', '', 'BLOCK G1'),
(322, 'FENDER RAV 2013 LH', 'FENDER RAV 2013 LH', '', 'BLOCK G1'),
(323, 'FENDER RAV RH', 'FENDER RAV RH', '', 'BLOCK G1'),
(324, 'FENDER RAV 2020 RIGHT', 'FENDER RAV 2020 RIGHT', '', 'BLOCK G1'),
(325, 'FENDER SERI 10 TOYOTA 2006 RH', 'FENDER SERI 10 TOYOTA 2006 RH', '', 'BLOCK G1'),
(326, 'FENDER COROLLA Y\'UTUZERU RH', 'FENDER COROLLA Y\'UTUZERU RH', '', 'BLOCK G1'),
(327, 'FENDER PRADO 2023 RH', 'FENDER PRADO 2023 RH', '', 'BLOCK G1'),
(328, 'FENDER 2013 RH', 'FENDER 2013 RH', '', 'BLOCK G1'),
(329, 'FENDER 2013 LH', 'FENDER 2013 LH', '', 'BLOCK G1'),
(330, 'FENDER REVO 2016 RH', 'FENDER REVO 2016 RH', '', 'BLOCK G1'),
(331, 'FENDER TOUNDRA 2020 RH', 'FENDER TOUNDRA 2020 RH', '', 'BLOCK G1'),
(332, 'FENDER TOUNDRA 2020 RH', 'FENDER TOUNDRA 2020 RH', '', 'BLOCK G1'),
(333, 'KIT JOINT MOTEUR (04111-30030)', 'KIT JOINT MOTEUR (04111-30030)', '', 'BLOCK H'),
(334, 'KIT JOINT MOTEUR (04111-22040)', 'KIT JOINT MOTEUR (04111-22040)', '', 'BLOCK H'),
(335, 'KIT JOINT MOTEUR (04111-28101)', 'KIT JOINT MOTEUR (04111-28101)', '', 'BLOCK H'),
(336, 'TAIL LAMP COROLLA 1998 RH', 'TAIL LAMP COROLLA 1998 RH', '', 'BLOCK H'),
(337, 'TAIL LAMP COROLLA 1998 LH', 'TAIL LAMP COROLLA 1998 LH', '', 'BLOCK H'),
(338, 'TAIL LAMP AVENSIS  CORNER 98-0', 'TAIL LAMP AVENSIS  CORNER 98-02 LH', '', 'BLOCK H'),
(339, 'TAIL LAMP HILUX CORNER 2001 RH', 'TAIL LAMP HILUX CORNER 2001 RH', '', 'BLOCK H'),
(340, 'TAIL LAMP HILUX CORNER 2001 LH', 'TAIL LAMP HILUX CORNER 2001 LH', '', 'BLOCK H'),
(341, 'TAIL LAMP COROLLA 2012 LH', 'TAIL LAMP COROLLA 2012 LH', '', 'BLOCK H'),
(342, 'TAIL LAMP 98 RH', 'TAIL LAMP 98 RH', '', 'BLOCK H'),
(343, 'TAIL LAMP 98 LH', 'TAIL LAMP 98 LH', '', 'BLOCK H'),
(344, 'TAIL LAMP COROLLA USA TYPE COR', 'TAIL LAMP COROLLA USA TYPE CORNER RH', '', 'BLOCK H'),
(345, 'TAIL LAMP COROLLA USA TYPE COR', 'TAIL LAMP COROLLA USA TYPE CORNER RH', '', 'BLOCK H'),
(346, 'TAIL LAMP RAVA 4 2001 RH', 'TAIL LAMP RAVA 4 2001 RH', '', 'BLOCK H'),
(347, 'TAIL LAMP RAVA 4 2001 RH', 'TAIL LAMP RAVA 4 2001 RH', '', 'BLOCK H'),
(348, 'TAIL LAMP CORONA 96 RH', 'TAIL LAMP CORONA 96 RH', '', 'BLOCK H'),
(349, 'TAIL LAMP CARINA E LH', 'TAIL LAMP CARINA E LH', '', 'BLOCK H'),
(350, 'TAIL LAMP COROLLA CORNER 2000 ', 'TAIL LAMP COROLLA CORNER 2000 RH', '', 'BLOCK H'),
(351, 'TAIL LAMP COROLLA CORNER 2000 ', 'TAIL LAMP COROLLA CORNER 2000 LH', '', 'BLOCK H'),
(352, 'TAIL LAMP PARKING COROLLA INYA', 'TAIL LAMP PARKING COROLLA INYABURAYI LH', '', 'BLOCK H'),
(353, 'LAND CRUISER FJ 120 PRADO 2003', 'LAND CRUISER FJ 120 PRADO 2003-2004 MASOYINYANA RH', '', 'BLOCK H'),
(354, 'LAND CRUISER FJ 120 PRADO 2003', 'LAND CRUISER FJ 120 PRADO 2003-2004 MASOYINYANA LH', '', 'BLOCK H'),
(355, 'TAIL LAMP COROLLA EE90 88-91 L', 'TAIL LAMP COROLLA EE90 88-91 LH', '', 'BLOCK H'),
(356, 'TAIL LAMP FENDER BLACK SURAMBA', 'TAIL LAMP FENDER BLACK SURAMBAYA RH', '', 'BLOCK H'),
(357, 'HUSSE RAVA 4 2013-2016', 'HUSSE RAVA 4 2013-2016', '', 'BLOCK H'),
(358, 'HUSSE VIGO 2006-2015', 'HUSSE VIGO 2006-2015', '', 'BLOCK H'),
(359, 'FENDER PRADO 90 RH', 'FENDER PRADO 90 RH', '', 'BLOCK H'),
(360, 'FENDER PRADO 90 LH', 'FENDER PRADO 90 LH', '', 'BLOCK H'),
(361, 'FENDER COROLLA CANADA RH', 'FENDER COROLLA CANADA RH', '', 'BLOCK H'),
(362, 'FENDER CARINA E LH', 'FENDER CARINA E LH', '', 'BLOCK H'),
(363, 'FENDER CARINA E RH', 'FENDER CARINA E RH', '', 'BLOCK H'),
(364, 'FENDER VITZ 2002 LH', 'FENDER VITZ 2002 LH', '', 'BLOCK H'),
(365, 'FENDER VITZ 2001 RH', 'FENDER VITZ 2001 RH', '', 'BLOCK H'),
(366, 'FENDER AVENSIS 1998 RH', 'FENDER AVENSIS 1998 RH', '', 'BLOCK H'),
(367, 'FENDER AVENSIS VERSO RH', 'FENDER AVENSIS VERSO RH', '', 'BLOCK H'),
(368, 'FENDER PICNIC 98 RH', 'FENDER PICNIC 98 RH', '', 'BLOCK H'),
(369, 'FENDER COROLLA 2004 LH', 'FENDER COROLLA 2004 LH', '', 'BLOCK H'),
(370, 'FENDER COROLLA 2004 RH', 'FENDER COROLLA 2004 RH', '', 'BLOCK H'),
(371, 'FENDER COROLLA 2002 RH', 'FENDER COROLLA 2002 RH', '', 'BLOCK H'),
(372, 'FRONT BUMPER PRADO 2014', 'FRONT BUMPER PRADO 2014', '', 'BLOC J'),
(373, 'FRONT BUMPER HILUX REVO 2016 B', 'FRONT BUMPER HILUX REVO 2016 BIG', '', 'BLOC J'),
(374, 'FRONT BUMPER FORTUNER 2012', 'FRONT BUMPER FORTUNER 2012', '', 'BLOC J'),
(375, 'REAR BUMPER FORTUNER 2012', 'REAR BUMPER FORTUNER 2012', '', 'BLOC J'),
(376, 'FRONT BUMPER PRADO 2010', 'FRONT BUMPER PRADO 2010', '', 'BLOC J'),
(377, 'FRONT BUMPER HIACE HGH ROOF', 'FRONT BUMPER HIACE HGH ROOF', '', 'BLOC J'),
(378, 'FRONT BUMPER V8 2008', 'FRONT BUMPER V8 2008', '', 'BLOC J'),
(379, 'FRONT BUMPER VIGO 2012', 'FRONT BUMPER VIGO 2012', '', 'BLOC J'),
(380, 'FRONT BUMPER COROLLA 2013', 'FRONT BUMPER COROLLA 2013', '', 'BLOC J'),
(381, 'FRONT BUMPER COROLLA ALTIS', 'FRONT BUMPER COROLLA ALTIS', '', 'BLOC J'),
(382, 'REAR BUMPER COROLLA 2003', 'REAR BUMPER COROLLA 2003', '', 'BLOC J'),
(383, 'REAR BUMPER COROLLA 2002', 'REAR BUMPER COROLLA 2002', '', 'BLOC J'),
(384, 'FRONT BUMPERCOROLLA ALTIS', 'FRONT BUMPERCOROLLA ALTIS', '', 'BLOC J'),
(385, 'FRONT BUMPERCOROLLA MATRIX 200', 'FRONT BUMPERCOROLLA MATRIX 2003', '', 'BLOC J'),
(386, 'FRONT BUMPER HIACE 2017', 'FRONT BUMPER HIACE 2017', '', 'BLOC J'),
(387, 'FRONT BUMPERCOROLLA 2010', 'FRONT BUMPERCOROLLA 2010', '', 'BLOC J'),
(388, 'FRONT BUMPER RAVA 4 2013', 'FRONT BUMPER RAVA 4 2013', '', 'BLOC J'),
(389, 'FRONT BUMPER RAVA 4 2020', 'FRONT BUMPER RAVA 4 2020', '', 'BLOC J'),
(390, 'FRONT BUMPER', 'FRONT BUMPER', '', 'BLOC J'),
(391, 'REAR BUMPER CARINA E 1996', 'REAR BUMPER CARINA E 1996', '', 'BLOC J'),
(392, 'FRONT BUMPER HIGHLANDER 2008', 'FRONT BUMPER HIGHLANDER 2008', '', 'BLOC J'),
(393, 'REAR BUMPER RAVA 4 LEXUS TYPE', 'REAR BUMPER RAVA 4 LEXUS TYPE', '', 'BLOC J'),
(394, 'FRONT BUMPER RAVA 4 1998', 'FRONT BUMPER RAVA 4 1998', '', 'BLOC J'),
(395, 'REAR BUMPER AVENSIS 1998', 'REAR BUMPER AVENSIS 1998', '', 'BLOC J'),
(396, 'REAR BUMPER COROLLA 2004', 'REAR BUMPER COROLLA 2004', '', 'BLOC J'),
(397, 'BUMPER LAND CRUISER', 'BUMPER LAND CRUISER', '', 'BLOC J'),
(398, 'FRONT BUMPER HIGHLANDER 2011-2', 'FRONT BUMPER HIGHLANDER 2011-2015', '', 'BLOC J'),
(399, 'FRONT BUMPER COASTEL 2017', 'FRONT BUMPER COASTEL 2017', '', 'BLOC J'),
(400, 'FRONT BUMPER RAVA 4 2020 LEXUS', 'FRONT BUMPER RAVA 4 2020 LEXUS TYPE', '', 'BLOC J'),
(401, 'FRONT BUMPER LC 300', 'FRONT BUMPER LC 300', '', 'BLOC J'),
(402, 'FRONT BUMPER REVO SMALL', 'FRONT BUMPER REVO SMALL', '', 'BLOC J'),
(403, 'FRONT BUMPER RAVA 4 2016', 'FRONT BUMPER RAVA 4 2016', '', 'BLOC J'),
(404, 'REAR BUMPER TXL 2017', 'REAR BUMPER TXL 2017', '', 'BLOC J'),
(405, 'REAR BUMBER RAVA 4 2006', 'REAR BUMBER RAVA 4 2006', '', 'BLOC J'),
(406, 'FRONT BUMPER REVO 2020', 'FRONT BUMPER REVO 2020', '', 'BLOC J'),
(407, 'FRONT BUMPER REVO 2021', 'FRONT BUMPER REVO 2021', '', 'BLOC J'),
(408, 'FRONT BUMPER TUNDRA 2020 FR', 'FRONT BUMPER TUNDRA 2020 FR', '', 'BLOC J'),
(409, 'FRONT BUMPER COROLLA', 'FRONT BUMPER COROLLA', '', 'BLOC J'),
(410, 'BUMPER XXX', 'BUMPER XXX', '', 'BLOC J'),
(411, 'FRONT COVER BUMPER RAVA 4 2013', 'FRONT COVER BUMPER RAVA 4 2013', '', 'BLOC J'),
(412, 'BUMPER PROTECTOR RAVA 4 2020', 'BUMPER PROTECTOR RAVA 4 2020', '', 'BLOC J'),
(413, 'BUMPER COROLLA 93-97', 'BUMPER COROLLA 93-97', '', 'BLOC J'),
(414, 'REAR BUMPER PRIMO 1996', 'REAR BUMPER PRIMO 1996', '', 'BLOC J'),
(415, 'REAR BUMPER COROLLA VERSO 2006', 'REAR BUMPER COROLLA VERSO 2006', '', 'BLOC J'),
(416, 'REAR BUMPER COROLLA VERSO 2023', 'REAR BUMPER COROLLA VERSO 2023', '', 'BLOC J'),
(417, 'FRONT BUMPER RAVA 4 1998', 'FRONT BUMPER RAVA 4 1998', '', 'BLOC J'),
(418, 'REAR BUMPER AVENSIS 2002', 'REAR BUMPER AVENSIS 2002', '', 'BLOC J'),
(419, 'REAR BUMPER COROLLA CANADA 98', 'REAR BUMPER COROLLA CANADA 98', '', 'BLOC J'),
(420, 'BUMPER COROLLA AE100', 'BUMPER COROLLA AE100', '', 'BLOC J'),
(421, 'BUMPER BENZ 190', 'BUMPER BENZ 190', '', 'BLOC J'),
(422, 'REAR BUMPER VIGO 2006-2008', 'REAR BUMPER VIGO 2006-2008', '', 'BLOC J'),
(423, 'REAR BUMBER RAVA 4 2013', 'REAR BUMBER RAVA 4 2013', '', 'BLOC J'),
(424, 'BUMPER PRADO FJ 120', 'BUMPER PRADO FJ 120', '', 'BLOC J'),
(425, 'BUMPER YARIS 99', 'BUMPER YARIS 99', '', 'BLOC J'),
(426, 'REAR BUMPER VITS 2000', 'REAR BUMPER VITS 2000', '', 'BLOC J'),
(427, 'REAR BUMPER COROLLA VERSO 2004', 'REAR BUMPER COROLLA VERSO 2004', '', 'BLOC J'),
(428, 'REAR BUMPER YARIS 2005', 'REAR BUMPER YARIS 2005', '', 'BLOC J'),
(429, 'BUMPER AVENSIS 2006', 'BUMPER AVENSIS 2006', '', 'BLOC J'),
(430, 'BUMPER COROLLA AXE', 'BUMPER COROLLA AXE', '', 'BLOC J'),
(431, 'REAR BUMPER RAVA 4 2013', 'REAR BUMPER RAVA 4 2013', '', 'BLOC J'),
(432, 'REAR BUMPER V8, 2015', 'REAR BUMPER V8, 2015', '', 'BLOC J'),
(433, 'FRONT BUMPER BENZ 180', 'FRONT BUMPER BENZ 180', '', 'BLOC J'),
(434, 'REAR CARINA T', 'REAR CARINA T', '', 'BLOC J'),
(435, 'REAR BUMPER COROLLA VERSO 2003', 'REAR BUMPER COROLLA VERSO 2003', '', 'BLOC J'),
(436, 'BUMPER PROTECTOR LIMITED 90', 'BUMPER PROTECTOR LIMITED 90', '', 'BLOC J'),
(437, 'BUMPER PROTECTOR RAVA 4 2013', 'BUMPER PROTECTOR RAVA 4 2013', '', 'BLOC J'),
(438, 'FRONT BUMPER CARINA 1996', 'FRONT BUMPER CARINA 1996', '', 'BLOC J'),
(439, 'SIDE STEP VIGO 2006-2014', 'SIDE STEP VIGO 2006-2014', '', 'BLOC J'),
(440, 'SIDE STEP REVO 2016', 'SIDE STEP REVO 2016', '', 'BLOC J'),
(441, 'FAN RADIATOR (16361-0L020)', 'FAN RADIATOR (16361-0L020)', '', 'BLOC J'),
(442, 'FAN RADIATOR (16361-54040)', 'FAN RADIATOR (16361-54040)', '', 'BLOC J'),
(443, 'FAN RADIATOR (16361-54131)', 'FAN RADIATOR (16361-54131)', '', 'BLOC J'),
(444, 'SPOILER TXL FJ 150 IBABA', 'SPOILER TXL FJ 150 IBABA', '', 'BLOC J'),
(445, 'SPOILER V8, 2016 IBABA', 'SPOILER V8, 2016 IBABA', '', 'BLOC J'),
(446, 'POLICE LIGHT', 'POLICE LIGHT', '', 'BLOC J'),
(447, 'FRONT BUMPER PROTECTOR LC 200 ', 'FRONT BUMPER PROTECTOR LC 200 V8', '', 'BLOC J'),
(448, 'BONET MOLDING TXL', 'BONET MOLDING TXL', '', 'BLOC J'),
(449, 'CALANDRE VIGO 2016', 'CALANDRE VIGO 2016', '', 'BLOC J'),
(450, 'CALANDRE VIGO 2006', 'CALANDRE VIGO 2006', '', 'BLOC J'),
(451, 'BUMPER PROTECTOR RAVA 4 2017', 'BUMPER PROTECTOR RAVA 4 2017', '', 'BLOC J'),
(452, 'COVER BOOT LAND CRUISER PRADO ', 'COVER BOOT LAND CRUISER PRADO CROME', '', 'BLOC J'),
(453, 'COVER BOOT  PRADO CROME 2018', 'COVER BOOT  PRADO CROME 2018', '', 'BLOC J'),
(454, 'GLASS MOLDING V6 OR TXL', 'GLASS MOLDING V6 OR TXL', '', 'BLOC J'),
(455, 'CALANDRE HIACE NEW HIGH ROOF', 'CALANDRE HIACE NEW HIGH ROOF', '', 'BLOC J'),
(456, 'CALANDRE V8, 2016', 'CALANDRE V8, 2016', '', 'BLOC J'),
(457, 'CALANDRE V8, 2023', 'CALANDRE V8, 2023', '', 'BLOC J'),
(458, 'CALANDRE LC 200', 'CALANDRE LC 200', '', 'BLOC J'),
(459, 'BUMPER PROTECTOR TXL 2020', 'BUMPER PROTECTOR TXL 2020', '', 'BLOC J'),
(460, 'SIDE STEP TXL 2016', 'SIDE STEP TXL 2016', '', 'BLOC J'),
(461, 'DASHBOARD TABLE RAVA 4 2008', 'DASHBOARD TABLE RAVA 4 2008', '', 'BLOC J'),
(462, 'SOFT COVER', 'SOFT COVER', '', 'BLOC J'),
(463, 'SIDE STEP V8, 2016', 'SIDE STEP V8, 2016', '', 'BLOC J'),
(464, 'UP GRED KIT V8', 'UP GRED KIT V8', '', 'BLOC J'),
(465, 'UP GRED KIT TXL', 'UP GRED KIT TXL', '', 'BLOC J'),
(466, 'CALANDRE RAVA 4 CANADA 2008', 'CALANDRE RAVA 4 CANADA 2008', '', 'BLOC J'),
(467, 'CALANDRE FJ 100', 'CALANDRE FJ 100', '', 'BLOC J'),
(468, 'BUMPER PROTECTOR LC 200', 'BUMPER PROTECTOR LC 200', '', 'BLOC J'),
(469, 'COVER BUMPER V8, 2016', 'COVER BUMPER V8, 2016', '', 'BLOC J'),
(470, 'CALANDRE COASTEL', 'CALANDRE COASTEL', '', 'BLOC J'),
(471, 'REAR BUMPER REVO 2016', 'REAR BUMPER REVO 2016', '', 'BLOC J'),
(472, 'ROOF RACK MIXTE', 'ROOF RACK MIXTE', '', 'BLOC J'),
(473, 'COVER BUMPER', 'COVER BUMPER', '', 'BLOC J'),
(474, 'IMIREKO PRADO', 'IMIREKO PRADO', '', 'BLOC J'),
(475, 'TAIL GATE REVO', 'TAIL GATE REVO', '', 'BLOC J'),
(476, 'BUMPER PROTECTOR V8,2008', 'BUMPER PROTECTOR V8,2008', '', 'BLOC J'),
(477, 'CALLANDRE COROLLA AE101 BIG', 'CALLANDRE COROLLA AE101 BIG', '', 'BLOC J'),
(478, 'CALLANDRE COROLLA AE100 SMALL', 'CALLANDRE COROLLA AE100 SMALL', '', 'BLOC J'),
(479, 'FENDER MOLDING', 'FENDER MOLDING', '', 'BLOC J'),
(480, 'KIT TOUNDRA MIXTE PARTS', 'KIT TOUNDRA MIXTE PARTS', '', 'BLOC J'),
(481, 'REAR BUMPER LC 200 2018', 'REAR BUMPER LC 200 2018', '', 'BLOC J'),
(482, 'REAR BUMPER LC 300', 'REAR BUMPER LC 300', '', 'BLOC J'),
(483, 'FRONT BUMPER LC200 , 2015-2015', 'FRONT BUMPER LC200 , 2015-2015', '', 'BLOC J'),
(484, 'FRONT BUMPER LC200 2016-2022', 'FRONT BUMPER LC200 2016-2022', '', 'BLOC J'),
(485, 'FRONT BUMPER SURAMBAYA', 'FRONT BUMPER SURAMBAYA', '', 'BLOC J'),
(486, 'TYR1200R20', 'TYR1200R20', '', 'BLOC PN'),
(487, 'TYR750R16LT', 'TYR750R16LT', '', 'BLOC PN'),
(488, 'TYR255/70R15', 'TYR255/70R15', '', 'BLOC PN'),
(489, 'TYR275/70R16', 'TYR275/70R16', '', 'BLOC PN'),
(490, 'TYR285/60R18', 'TYR285/60R18', '', 'BLOC PN'),
(491, 'TYR285/60R20', 'TYR285/60R20', '', 'BLOC PN'),
(492, 'TYR225/65R17', 'TYR225/65R17', '', 'BLOC PN'),
(493, 'TYR205/60R15', 'TYR205/60R15', '', 'BLOC PN'),
(494, 'TYR235/55R18', 'TYR235/55R18', '', 'BLOC PN'),
(495, 'TYRXXX DAMAGE', 'TYRXXX DAMAGE', '', 'BLOC PN'),
(496, 'SIDE MIRROR COROLLA VERSO NGUF', 'SIDE MIRROR COROLLA VERSO NGUFI RH', '', 'BLOC UP 1'),
(497, 'SIDE MIRROR COROLLA VERSO NGUF', 'SIDE MIRROR COROLLA VERSO NGUFI LH', '', 'BLOC UP 1'),
(498, 'SIDE MIRROR AVENSIS IPSAM RH', 'SIDE MIRROR AVENSIS IPSAM RH', '', 'BLOC UP 1'),
(499, 'SIDE MIRROR AVENSIS IPSAM LH', 'SIDE MIRROR AVENSIS IPSAM LH', '', 'BLOC UP 1'),
(500, 'SIDE MIRROR VERSO NDENDE RH', 'SIDE MIRROR VERSO NDENDE RH', '', 'BLOC UP 1'),
(501, 'SIDE MIRROR VERSO NDENDE LH', 'SIDE MIRROR VERSO NDENDE LH', '', 'BLOC UP 1'),
(502, 'SIDE MIRROR Y\'UTUZERU GIKUMI R', 'SIDE MIRROR Y\'UTUZERU GIKUMI RH', '', 'BLOC UP 1'),
(503, 'SIDE MIRROR AVENSIS 2004 LH', 'SIDE MIRROR AVENSIS 2004 LH', '', 'BLOC UP 1'),
(504, 'SIDE MIRROR BENZ RH', 'SIDE MIRROR BENZ RH', '', 'BLOC UP 1'),
(505, 'SIDE MIRROR BENZ LH', 'SIDE MIRROR BENZ LH', '', 'BLOC UP 1'),
(506, 'SIDE MIRROR COROLLA CANADA 200', 'SIDE MIRROR COROLLA CANADA 2003 RH', '', 'BLOC UP 1'),
(507, 'SIDE MIRROR RAVA 4 2013 RH', 'SIDE MIRROR RAVA 4 2013 RH', '', 'BLOC UP 1'),
(508, 'SIDE MIRROR RAVA 4 2013 LH', 'SIDE MIRROR RAVA 4 2013 LH', '', 'BLOC UP 1'),
(509, 'SIDE MIRROR RAVA 4 2016 RH', 'SIDE MIRROR RAVA 4 2016 RH', '', 'BLOC UP 1'),
(510, 'SIDE MIRROR MASOYINYANA RH', 'SIDE MIRROR MASOYINYANA RH', '', 'BLOC UP 1'),
(511, 'SIDE MIRROR VIGO 2006 RH', 'SIDE MIRROR VIGO 2006 RH', '', 'BLOC UP 1'),
(512, 'SIDE MIRROR VIGO 2004 RH', 'SIDE MIRROR VIGO 2004 RH', '', 'BLOC UP 1'),
(513, 'SIDE MIRROR FORTUNER 2008 RH', 'SIDE MIRROR FORTUNER 2008 RH', '', 'BLOC UP 1'),
(514, 'SIDE MIRROR REVO BLACK RH', 'SIDE MIRROR REVO BLACK RH', '', 'BLOC UP 1'),
(515, 'SIDE MIRROR BENZ ML BIG RH', 'SIDE MIRROR BENZ ML BIG RH', '', 'BLOC UP 1'),
(516, 'SIDE MIRROR BENZ ML BIG LH', 'SIDE MIRROR BENZ ML BIG LH', '', 'BLOC UP 1'),
(517, 'BAVETTE V8 ZIVANGAVANZE FR', 'BAVETTE V8 ZIVANGAVANZE FR', '', 'BLOC UP 2'),
(518, 'BAVETTE V8 ZIVANGAVANZE REAR', 'BAVETTE V8 ZIVANGAVANZE REAR', '', 'BLOC UP 2'),
(519, 'BAVETTE SURAMBAYA REAR', 'BAVETTE SURAMBAYA REAR', '', 'BLOC UP 2'),
(520, 'BAVETTE V8 2016 FR, RH', 'BAVETTE V8 2016 FR, RH', '', 'BLOC UP 2'),
(521, 'BAVETTE V8 2016 FR, LH', 'BAVETTE V8 2016 FR, LH', '', 'BLOC UP 2'),
(522, 'BAVETTE V8 2016 REAR, RH', 'BAVETTE V8 2016 REAR, RH', '', 'BLOC UP 2'),
(523, 'BAVETTE V8 2016 REAR, LH', 'BAVETTE V8 2016 REAR, LH', '', 'BLOC UP 2'),
(524, 'BAVETTE PRADO FR, RH', 'BAVETTE PRADO FR, RH', '', 'BLOC UP 2'),
(525, 'BAVETTE PRADO FR, LH', 'BAVETTE PRADO FR, LH', '', 'BLOC UP 2'),
(526, 'BAVETTE PRADO REAR, RH', 'BAVETTE PRADO REAR, RH', '', 'BLOC UP 2'),
(527, 'BAVETTE PRADO REAR, LH', 'BAVETTE PRADO REAR, LH', '', 'BLOC UP 2'),
(528, 'BAVETTE PRADO TXL REAR RH+LH', 'BAVETTE PRADO TXL REAR RH+LH', '', 'BLOC UP 2'),
(529, 'BAVETTE STALRET FR', 'BAVETTE STALRET FR', '', 'BLOC UP 2'),
(530, 'BAVETTE GIKUMI REAR', 'BAVETTE GIKUMI REAR', '', 'BLOC UP 2'),
(531, 'BAVETTE HILUX FR', 'BAVETTE HILUX FR', '', 'BLOC UP 2'),
(532, 'BAVETTE HILUX REAR', 'BAVETTE HILUX REAR', '', 'BLOC UP 2'),
(533, 'BAVETTE LC 300 REAR RH', 'BAVETTE LC 300 REAR RH', '', 'BLOC UP 2'),
(534, 'BAVETTE LC 300 REAR LH', 'BAVETTE LC 300 REAR LH', '', 'BLOC UP 2'),
(535, 'BAVETTE V8 2012 REAR', 'BAVETTE V8 2012 REAR', '', 'BLOC UP 2'),
(536, 'BAVETTE BENZ REAR', 'BAVETTE BENZ REAR', '', 'BLOC UP 2'),
(537, 'BAVETTE HILUX 2004 REAR RH', 'BAVETTE HILUX 2004 REAR RH', '', 'BLOC UP 2'),
(538, 'BAVETTE HILUX RH', 'BAVETTE HILUX RH', '', 'BLOC UP 2'),
(539, 'UTUJEREKANI VIGO 2008-2015', 'UTUJEREKANI VIGO 2008-2015', '', 'BLOC UP 3');

-- --------------------------------------------------------

--
-- Table structure for table `stock`
--

CREATE TABLE `stock` (
  `id` int(11) NOT NULL,
  `pid` int(11) NOT NULL,
  `quantity` int(11) NOT NULL,
  `unit_cost` decimal(11,2) NOT NULL,
  `total_cost` decimal(11,2) NOT NULL
) ENGINE=InnoDB DEFAULT CHARSET=utf8mb4 COLLATE=utf8mb4_general_ci;

--
-- Dumping data for table `stock`
--

INSERT INTO `stock` (`id`, `pid`, `quantity`, `unit_cost`, `total_cost`) VALUES
(1, 1, 0, 0.00, 0.00),
(2, 2, 0, 0.00, 0.00),
(3, 3, 0, 0.00, 0.00),
(4, 4, 0, 0.00, 0.00),
(5, 5, 0, 0.00, 0.00),
(6, 6, 0, 0.00, 0.00),
(7, 7, 0, 0.00, 0.00),
(8, 8, 0, 0.00, 0.00),
(9, 9, 0, 0.00, 0.00),
(10, 10, 0, 0.00, 0.00),
(11, 11, 0, 0.00, 0.00),
(12, 12, 0, 0.00, 0.00),
(13, 13, 0, 0.00, 0.00),
(14, 14, 0, 0.00, 0.00),
(15, 15, 0, 0.00, 0.00),
(16, 16, 0, 0.00, 0.00),
(17, 17, 0, 0.00, 0.00),
(18, 18, 0, 0.00, 0.00),
(19, 19, 0, 0.00, 0.00),
(20, 20, 0, 0.00, 0.00),
(21, 21, 0, 0.00, 0.00),
(22, 22, 0, 0.00, 0.00),
(23, 23, 0, 0.00, 0.00),
(24, 24, 0, 0.00, 0.00),
(25, 25, 0, 0.00, 0.00),
(26, 26, 0, 0.00, 0.00),
(27, 27, 0, 0.00, 0.00),
(28, 28, 0, 0.00, 0.00),
(29, 29, 0, 0.00, 0.00),
(30, 30, 0, 0.00, 0.00),
(31, 31, 0, 0.00, 0.00),
(32, 32, 0, 0.00, 0.00),
(33, 33, 0, 0.00, 0.00),
(34, 34, 0, 0.00, 0.00),
(35, 35, 0, 0.00, 0.00),
(36, 36, 0, 0.00, 0.00),
(37, 37, 0, 0.00, 0.00),
(38, 38, 0, 0.00, 0.00),
(39, 39, 0, 0.00, 0.00),
(40, 40, 0, 0.00, 0.00),
(41, 41, 0, 0.00, 0.00),
(42, 42, 0, 0.00, 0.00),
(43, 43, 0, 0.00, 0.00),
(44, 44, 0, 0.00, 0.00),
(45, 45, 0, 0.00, 0.00),
(46, 46, 0, 0.00, 0.00),
(47, 47, 0, 0.00, 0.00),
(48, 48, 0, 0.00, 0.00),
(49, 49, 0, 0.00, 0.00),
(50, 50, 0, 0.00, 0.00),
(51, 51, 0, 0.00, 0.00),
(52, 52, 0, 0.00, 0.00),
(53, 53, 0, 0.00, 0.00),
(54, 54, 0, 0.00, 0.00),
(55, 55, 0, 0.00, 0.00),
(56, 56, 0, 0.00, 0.00),
(57, 57, 0, 0.00, 0.00),
(58, 58, 0, 0.00, 0.00),
(59, 59, 0, 0.00, 0.00),
(60, 60, 0, 0.00, 0.00),
(61, 61, 0, 0.00, 0.00),
(62, 62, 0, 0.00, 0.00),
(63, 63, 0, 0.00, 0.00),
(64, 64, 0, 0.00, 0.00),
(65, 65, 0, 0.00, 0.00),
(66, 66, 0, 0.00, 0.00),
(67, 67, 0, 0.00, 0.00),
(68, 68, 0, 0.00, 0.00),
(69, 69, 0, 0.00, 0.00),
(70, 70, 0, 0.00, 0.00),
(71, 71, 0, 0.00, 0.00),
(72, 72, 0, 0.00, 0.00),
(73, 73, 0, 0.00, 0.00),
(74, 74, 0, 0.00, 0.00),
(75, 75, 0, 0.00, 0.00),
(76, 76, 0, 0.00, 0.00),
(77, 77, 0, 0.00, 0.00),
(78, 78, 0, 0.00, 0.00),
(79, 79, 0, 0.00, 0.00),
(80, 80, 0, 0.00, 0.00),
(81, 81, 0, 0.00, 0.00),
(82, 82, 0, 0.00, 0.00),
(83, 83, 0, 0.00, 0.00),
(84, 84, 0, 0.00, 0.00),
(85, 85, 0, 0.00, 0.00),
(86, 86, 0, 0.00, 0.00),
(87, 87, 0, 0.00, 0.00),
(88, 88, 0, 0.00, 0.00),
(89, 89, 0, 0.00, 0.00),
(90, 90, 0, 0.00, 0.00),
(91, 91, 0, 0.00, 0.00),
(92, 92, 0, 0.00, 0.00),
(93, 93, 0, 0.00, 0.00),
(94, 94, 0, 0.00, 0.00),
(95, 95, 0, 0.00, 0.00),
(96, 96, 0, 0.00, 0.00),
(97, 97, 0, 0.00, 0.00),
(98, 98, 0, 0.00, 0.00),
(99, 99, 0, 0.00, 0.00),
(100, 100, 0, 0.00, 0.00),
(101, 101, 0, 0.00, 0.00),
(102, 102, 0, 0.00, 0.00),
(103, 103, 0, 0.00, 0.00),
(104, 104, 0, 0.00, 0.00),
(105, 105, 0, 0.00, 0.00),
(106, 106, 0, 0.00, 0.00),
(107, 107, 0, 0.00, 0.00),
(108, 108, 0, 0.00, 0.00),
(109, 109, 0, 0.00, 0.00),
(110, 110, 0, 0.00, 0.00),
(111, 111, 0, 0.00, 0.00),
(112, 112, 0, 0.00, 0.00),
(113, 113, 0, 0.00, 0.00),
(114, 114, 0, 0.00, 0.00),
(115, 115, 0, 0.00, 0.00),
(116, 116, 0, 0.00, 0.00),
(117, 117, 0, 0.00, 0.00),
(118, 118, 0, 0.00, 0.00),
(119, 119, 0, 0.00, 0.00),
(120, 120, 0, 0.00, 0.00),
(121, 121, 0, 0.00, 0.00),
(122, 122, 0, 0.00, 0.00),
(123, 123, 0, 0.00, 0.00),
(124, 124, 0, 0.00, 0.00),
(125, 125, 0, 0.00, 0.00),
(126, 126, 0, 0.00, 0.00),
(127, 127, 0, 0.00, 0.00),
(128, 128, 0, 0.00, 0.00),
(129, 129, 0, 0.00, 0.00),
(130, 130, 0, 0.00, 0.00),
(131, 131, 0, 0.00, 0.00),
(132, 132, 0, 0.00, 0.00),
(133, 133, 0, 0.00, 0.00),
(134, 134, 0, 0.00, 0.00),
(135, 135, 0, 0.00, 0.00),
(136, 136, 0, 0.00, 0.00),
(137, 137, 0, 0.00, 0.00),
(138, 138, 0, 0.00, 0.00),
(139, 139, 0, 0.00, 0.00),
(140, 140, 0, 0.00, 0.00),
(141, 141, 0, 0.00, 0.00),
(142, 142, 0, 0.00, 0.00),
(143, 143, 0, 0.00, 0.00),
(144, 144, 0, 0.00, 0.00),
(145, 145, 0, 0.00, 0.00),
(146, 146, 0, 0.00, 0.00),
(147, 147, 0, 0.00, 0.00),
(148, 148, 0, 0.00, 0.00),
(149, 149, 0, 0.00, 0.00),
(150, 150, 0, 0.00, 0.00),
(151, 151, 0, 0.00, 0.00),
(152, 152, 0, 0.00, 0.00),
(153, 153, 0, 0.00, 0.00),
(154, 154, 0, 0.00, 0.00),
(155, 155, 0, 0.00, 0.00),
(156, 156, 0, 0.00, 0.00),
(157, 157, 0, 0.00, 0.00),
(158, 158, 0, 0.00, 0.00),
(159, 159, 0, 0.00, 0.00),
(160, 160, 0, 0.00, 0.00),
(161, 161, 0, 0.00, 0.00),
(162, 162, 0, 0.00, 0.00),
(163, 163, 0, 0.00, 0.00),
(164, 164, 0, 0.00, 0.00),
(165, 165, 0, 0.00, 0.00),
(166, 166, 0, 0.00, 0.00),
(167, 167, 0, 0.00, 0.00),
(168, 168, 0, 0.00, 0.00),
(169, 169, 0, 0.00, 0.00),
(170, 170, 0, 0.00, 0.00),
(171, 171, 0, 0.00, 0.00),
(172, 172, 0, 0.00, 0.00),
(173, 173, 0, 0.00, 0.00),
(174, 174, 0, 0.00, 0.00),
(175, 175, 0, 0.00, 0.00),
(176, 176, 0, 0.00, 0.00),
(177, 177, 0, 0.00, 0.00),
(178, 178, 0, 0.00, 0.00),
(179, 179, 0, 0.00, 0.00),
(180, 180, 0, 0.00, 0.00),
(181, 181, 0, 0.00, 0.00),
(182, 182, 0, 0.00, 0.00),
(183, 183, 0, 0.00, 0.00),
(184, 184, 0, 0.00, 0.00),
(185, 185, 0, 0.00, 0.00),
(186, 186, 0, 0.00, 0.00),
(187, 187, 0, 0.00, 0.00),
(188, 188, 0, 0.00, 0.00),
(189, 189, 0, 0.00, 0.00),
(190, 190, 0, 0.00, 0.00),
(191, 191, 0, 0.00, 0.00),
(192, 192, 0, 0.00, 0.00),
(193, 193, 0, 0.00, 0.00),
(194, 194, 0, 0.00, 0.00),
(195, 195, 0, 0.00, 0.00),
(196, 196, 0, 0.00, 0.00),
(197, 197, 0, 0.00, 0.00),
(198, 198, 0, 0.00, 0.00),
(199, 199, 0, 0.00, 0.00),
(200, 200, 0, 0.00, 0.00),
(201, 201, 0, 0.00, 0.00),
(202, 202, 0, 0.00, 0.00),
(203, 203, 0, 0.00, 0.00),
(204, 204, 0, 0.00, 0.00),
(205, 205, 0, 0.00, 0.00),
(206, 206, 0, 0.00, 0.00),
(207, 207, 0, 0.00, 0.00),
(208, 208, 0, 0.00, 0.00),
(209, 209, 0, 0.00, 0.00),
(210, 210, 0, 0.00, 0.00),
(211, 211, 0, 0.00, 0.00),
(212, 212, 0, 0.00, 0.00),
(213, 213, 0, 0.00, 0.00),
(214, 214, 0, 0.00, 0.00),
(215, 215, 0, 0.00, 0.00),
(216, 216, 0, 0.00, 0.00),
(217, 217, 0, 0.00, 0.00),
(218, 218, 0, 0.00, 0.00),
(219, 219, 0, 0.00, 0.00),
(220, 220, 0, 0.00, 0.00),
(221, 221, 0, 0.00, 0.00),
(222, 222, 0, 0.00, 0.00),
(223, 223, 0, 0.00, 0.00),
(224, 224, 0, 0.00, 0.00),
(225, 225, 0, 0.00, 0.00),
(226, 226, 0, 0.00, 0.00),
(227, 227, 0, 0.00, 0.00),
(228, 228, 0, 0.00, 0.00),
(229, 229, 0, 0.00, 0.00),
(230, 230, 0, 0.00, 0.00),
(231, 231, 0, 0.00, 0.00),
(232, 232, 0, 0.00, 0.00),
(233, 233, 0, 0.00, 0.00),
(234, 234, 0, 0.00, 0.00),
(235, 235, 0, 0.00, 0.00),
(236, 236, 0, 0.00, 0.00),
(237, 237, 0, 0.00, 0.00),
(238, 238, 0, 0.00, 0.00),
(239, 239, 0, 0.00, 0.00),
(240, 240, 0, 0.00, 0.00),
(241, 241, 0, 0.00, 0.00),
(242, 242, 0, 0.00, 0.00),
(243, 243, 0, 0.00, 0.00),
(244, 244, 0, 0.00, 0.00),
(245, 245, 0, 0.00, 0.00),
(246, 246, 0, 0.00, 0.00),
(247, 247, 0, 0.00, 0.00),
(248, 248, 0, 0.00, 0.00),
(249, 249, 0, 0.00, 0.00),
(250, 250, 0, 0.00, 0.00),
(251, 251, 0, 0.00, 0.00),
(252, 252, 0, 0.00, 0.00),
(253, 253, 0, 0.00, 0.00),
(254, 254, 0, 0.00, 0.00),
(255, 255, 0, 0.00, 0.00),
(256, 256, 0, 0.00, 0.00),
(257, 257, 0, 0.00, 0.00),
(258, 258, 0, 0.00, 0.00),
(259, 259, 0, 0.00, 0.00),
(260, 260, 0, 0.00, 0.00),
(261, 261, 0, 0.00, 0.00),
(262, 262, 0, 0.00, 0.00),
(263, 263, 0, 0.00, 0.00),
(264, 264, 0, 0.00, 0.00),
(265, 265, 0, 0.00, 0.00),
(266, 266, 0, 0.00, 0.00),
(267, 267, 0, 0.00, 0.00),
(268, 268, 0, 0.00, 0.00),
(269, 269, 0, 0.00, 0.00),
(270, 270, 0, 0.00, 0.00),
(271, 271, 0, 0.00, 0.00),
(272, 272, 0, 0.00, 0.00),
(273, 273, 0, 0.00, 0.00),
(274, 274, 0, 0.00, 0.00),
(275, 275, 0, 0.00, 0.00),
(276, 276, 0, 0.00, 0.00),
(277, 277, 0, 0.00, 0.00),
(278, 278, 0, 0.00, 0.00),
(279, 279, 0, 0.00, 0.00),
(280, 280, 0, 0.00, 0.00),
(281, 281, 0, 0.00, 0.00),
(282, 282, 0, 0.00, 0.00),
(283, 283, 0, 0.00, 0.00),
(284, 284, 0, 0.00, 0.00),
(285, 285, 0, 0.00, 0.00),
(286, 286, 0, 0.00, 0.00),
(287, 287, 0, 0.00, 0.00),
(288, 288, 0, 0.00, 0.00),
(289, 289, 0, 0.00, 0.00),
(290, 290, 0, 0.00, 0.00),
(291, 291, 0, 0.00, 0.00),
(292, 292, 0, 0.00, 0.00),
(293, 293, 0, 0.00, 0.00),
(294, 294, 0, 0.00, 0.00),
(295, 295, 0, 0.00, 0.00),
(296, 296, 0, 0.00, 0.00),
(297, 297, 0, 0.00, 0.00),
(298, 298, 0, 0.00, 0.00),
(299, 299, 0, 0.00, 0.00),
(300, 300, 0, 0.00, 0.00),
(301, 301, 0, 0.00, 0.00),
(302, 302, 0, 0.00, 0.00),
(303, 303, 0, 0.00, 0.00),
(304, 304, 0, 0.00, 0.00),
(305, 305, 0, 0.00, 0.00),
(306, 306, 0, 0.00, 0.00),
(307, 307, 0, 0.00, 0.00),
(308, 308, 0, 0.00, 0.00),
(309, 309, 0, 0.00, 0.00),
(310, 310, 0, 0.00, 0.00),
(311, 311, 0, 0.00, 0.00),
(312, 312, 0, 0.00, 0.00),
(313, 313, 0, 0.00, 0.00),
(314, 314, 0, 0.00, 0.00),
(315, 315, 0, 0.00, 0.00),
(316, 316, 0, 0.00, 0.00),
(317, 317, 0, 0.00, 0.00),
(318, 318, 0, 0.00, 0.00),
(319, 319, 0, 0.00, 0.00),
(320, 320, 0, 0.00, 0.00),
(321, 321, 0, 0.00, 0.00),
(322, 322, 0, 0.00, 0.00),
(323, 323, 0, 0.00, 0.00),
(324, 324, 0, 0.00, 0.00),
(325, 325, 0, 0.00, 0.00),
(326, 326, 0, 0.00, 0.00),
(327, 327, 0, 0.00, 0.00),
(328, 328, 0, 0.00, 0.00),
(329, 329, 0, 0.00, 0.00),
(330, 330, 0, 0.00, 0.00),
(331, 331, 0, 0.00, 0.00),
(332, 332, 0, 0.00, 0.00),
(333, 333, 0, 0.00, 0.00),
(334, 334, 0, 0.00, 0.00),
(335, 335, 0, 0.00, 0.00),
(336, 336, 0, 0.00, 0.00),
(337, 337, 0, 0.00, 0.00),
(338, 338, 0, 0.00, 0.00),
(339, 339, 0, 0.00, 0.00),
(340, 340, 0, 0.00, 0.00),
(341, 341, 0, 0.00, 0.00),
(342, 342, 0, 0.00, 0.00),
(343, 343, 0, 0.00, 0.00),
(344, 344, 0, 0.00, 0.00),
(345, 345, 0, 0.00, 0.00),
(346, 346, 0, 0.00, 0.00),
(347, 347, 0, 0.00, 0.00),
(348, 348, 0, 0.00, 0.00),
(349, 349, 0, 0.00, 0.00),
(350, 350, 0, 0.00, 0.00),
(351, 351, 0, 0.00, 0.00),
(352, 352, 0, 0.00, 0.00),
(353, 353, 0, 0.00, 0.00),
(354, 354, 0, 0.00, 0.00),
(355, 355, 0, 0.00, 0.00),
(356, 356, 0, 0.00, 0.00),
(357, 357, 0, 0.00, 0.00),
(358, 358, 0, 0.00, 0.00),
(359, 359, 0, 0.00, 0.00),
(360, 360, 0, 0.00, 0.00),
(361, 361, 0, 0.00, 0.00),
(362, 362, 0, 0.00, 0.00),
(363, 363, 0, 0.00, 0.00),
(364, 364, 0, 0.00, 0.00),
(365, 365, 0, 0.00, 0.00),
(366, 366, 0, 0.00, 0.00),
(367, 367, 0, 0.00, 0.00),
(368, 368, 0, 0.00, 0.00),
(369, 369, 0, 0.00, 0.00),
(370, 370, 0, 0.00, 0.00),
(371, 371, 0, 0.00, 0.00),
(372, 372, 0, 0.00, 0.00),
(373, 373, 0, 0.00, 0.00),
(374, 374, 0, 0.00, 0.00),
(375, 375, 0, 0.00, 0.00),
(376, 376, 0, 0.00, 0.00),
(377, 377, 0, 0.00, 0.00),
(378, 378, 0, 0.00, 0.00),
(379, 379, 0, 0.00, 0.00),
(380, 380, 0, 0.00, 0.00),
(381, 381, 0, 0.00, 0.00),
(382, 382, 0, 0.00, 0.00),
(383, 383, 0, 0.00, 0.00),
(384, 384, 0, 0.00, 0.00),
(385, 385, 0, 0.00, 0.00),
(386, 386, 0, 0.00, 0.00),
(387, 387, 0, 0.00, 0.00),
(388, 388, 0, 0.00, 0.00),
(389, 389, 0, 0.00, 0.00),
(390, 390, 0, 0.00, 0.00),
(391, 391, 0, 0.00, 0.00),
(392, 392, 0, 0.00, 0.00),
(393, 393, 0, 0.00, 0.00),
(394, 394, 0, 0.00, 0.00),
(395, 395, 0, 0.00, 0.00),
(396, 396, 0, 0.00, 0.00),
(397, 397, 0, 0.00, 0.00),
(398, 398, 0, 0.00, 0.00),
(399, 399, 0, 0.00, 0.00),
(400, 400, 0, 0.00, 0.00),
(401, 401, 0, 0.00, 0.00),
(402, 402, 0, 0.00, 0.00),
(403, 403, 0, 0.00, 0.00),
(404, 404, 0, 0.00, 0.00),
(405, 405, 0, 0.00, 0.00),
(406, 406, 0, 0.00, 0.00),
(407, 407, 0, 0.00, 0.00),
(408, 408, 0, 0.00, 0.00),
(409, 409, 0, 0.00, 0.00),
(410, 410, 0, 0.00, 0.00),
(411, 411, 0, 0.00, 0.00),
(412, 412, 0, 0.00, 0.00),
(413, 413, 0, 0.00, 0.00),
(414, 414, 0, 0.00, 0.00),
(415, 415, 0, 0.00, 0.00),
(416, 416, 0, 0.00, 0.00),
(417, 417, 0, 0.00, 0.00),
(418, 418, 0, 0.00, 0.00),
(419, 419, 0, 0.00, 0.00),
(420, 420, 0, 0.00, 0.00),
(421, 421, 0, 0.00, 0.00),
(422, 422, 0, 0.00, 0.00),
(423, 423, 0, 0.00, 0.00),
(424, 424, 0, 0.00, 0.00),
(425, 425, 0, 0.00, 0.00),
(426, 426, 0, 0.00, 0.00),
(427, 427, 0, 0.00, 0.00),
(428, 428, 0, 0.00, 0.00),
(429, 429, 0, 0.00, 0.00),
(430, 430, 0, 0.00, 0.00),
(431, 431, 0, 0.00, 0.00),
(432, 432, 0, 0.00, 0.00),
(433, 433, 0, 0.00, 0.00),
(434, 434, 0, 0.00, 0.00),
(435, 435, 0, 0.00, 0.00),
(436, 436, 0, 0.00, 0.00),
(437, 437, 0, 0.00, 0.00),
(438, 438, 0, 0.00, 0.00),
(439, 439, 0, 0.00, 0.00),
(440, 440, 0, 0.00, 0.00),
(441, 441, 0, 0.00, 0.00),
(442, 442, 0, 0.00, 0.00),
(443, 443, 0, 0.00, 0.00),
(444, 444, 0, 0.00, 0.00),
(445, 445, 0, 0.00, 0.00),
(446, 446, 0, 0.00, 0.00),
(447, 447, 0, 0.00, 0.00),
(448, 448, 0, 0.00, 0.00),
(449, 449, 0, 0.00, 0.00),
(450, 450, 0, 0.00, 0.00),
(451, 451, 0, 0.00, 0.00),
(452, 452, 0, 0.00, 0.00),
(453, 453, 0, 0.00, 0.00),
(454, 454, 0, 0.00, 0.00),
(455, 455, 0, 0.00, 0.00),
(456, 456, 0, 0.00, 0.00),
(457, 457, 0, 0.00, 0.00),
(458, 458, 0, 0.00, 0.00),
(459, 459, 0, 0.00, 0.00),
(460, 460, 0, 0.00, 0.00),
(461, 461, 0, 0.00, 0.00),
(462, 462, 0, 0.00, 0.00),
(463, 463, 0, 0.00, 0.00),
(464, 464, 0, 0.00, 0.00),
(465, 465, 0, 0.00, 0.00),
(466, 466, 0, 0.00, 0.00),
(467, 467, 0, 0.00, 0.00),
(468, 468, 0, 0.00, 0.00),
(469, 469, 0, 0.00, 0.00),
(470, 470, 0, 0.00, 0.00),
(471, 471, 0, 0.00, 0.00),
(472, 472, 0, 0.00, 0.00),
(473, 473, 0, 0.00, 0.00),
(474, 474, 0, 0.00, 0.00),
(475, 475, 0, 0.00, 0.00),
(476, 476, 0, 0.00, 0.00),
(477, 477, 0, 0.00, 0.00),
(478, 478, 0, 0.00, 0.00),
(479, 479, 0, 0.00, 0.00),
(480, 480, 0, 0.00, 0.00),
(481, 481, 0, 0.00, 0.00),
(482, 482, 0, 0.00, 0.00),
(483, 483, 0, 0.00, 0.00),
(484, 484, 0, 0.00, 0.00),
(485, 485, 0, 0.00, 0.00),
(486, 486, 0, 0.00, 0.00),
(487, 487, 0, 0.00, 0.00),
(488, 488, 0, 0.00, 0.00),
(489, 489, 0, 0.00, 0.00),
(490, 490, 0, 0.00, 0.00),
(491, 491, 0, 0.00, 0.00),
(492, 492, 0, 0.00, 0.00),
(493, 493, 0, 0.00, 0.00),
(494, 494, 0, 0.00, 0.00),
(495, 495, 0, 0.00, 0.00),
(496, 496, 0, 0.00, 0.00),
(497, 497, 0, 0.00, 0.00),
(498, 498, 0, 0.00, 0.00),
(499, 499, 0, 0.00, 0.00),
(500, 500, 0, 0.00, 0.00),
(501, 501, 0, 0.00, 0.00),
(502, 502, 0, 0.00, 0.00),
(503, 503, 0, 0.00, 0.00),
(504, 504, 0, 0.00, 0.00),
(505, 505, 0, 0.00, 0.00),
(506, 506, 0, 0.00, 0.00),
(507, 507, 0, 0.00, 0.00),
(508, 508, 0, 0.00, 0.00),
(509, 509, 0, 0.00, 0.00),
(510, 510, 0, 0.00, 0.00),
(511, 511, 0, 0.00, 0.00),
(512, 512, 0, 0.00, 0.00),
(513, 513, 0, 0.00, 0.00),
(514, 514, 0, 0.00, 0.00),
(515, 515, 0, 0.00, 0.00),
(516, 516, 0, 0.00, 0.00),
(517, 517, 0, 0.00, 0.00),
(518, 518, 0, 0.00, 0.00),
(519, 519, 0, 0.00, 0.00),
(520, 520, 0, 0.00, 0.00),
(521, 521, 0, 0.00, 0.00),
(522, 522, 0, 0.00, 0.00),
(523, 523, 0, 0.00, 0.00),
(524, 524, 0, 0.00, 0.00),
(525, 525, 0, 0.00, 0.00),
(526, 526, 0, 0.00, 0.00),
(527, 527, 0, 0.00, 0.00),
(528, 528, 0, 0.00, 0.00),
(529, 529, 0, 0.00, 0.00),
(530, 530, 0, 0.00, 0.00),
(531, 531, 0, 0.00, 0.00),
(532, 532, 0, 0.00, 0.00),
(533, 533, 0, 0.00, 0.00),
(534, 534, 0, 0.00, 0.00),
(535, 535, 0, 0.00, 0.00),
(536, 536, 0, 0.00, 0.00),
(537, 537, 0, 0.00, 0.00),
(538, 538, 0, 0.00, 0.00),
(539, 539, 0, 0.00, 0.00),
(540, 540, 0, 0.00, 0.00);

-- --------------------------------------------------------

--
-- Table structure for table `users`
--

CREATE TABLE `users` (
  `id` int(11) NOT NULL,
  `names` varchar(30) NOT NULL,
  `email` varchar(30) NOT NULL,
  `phone` varchar(30) NOT NULL,
  `image` varchar(200) NOT NULL,
  `about` varchar(150) NOT NULL,
  `role` varchar(30) NOT NULL,
  `password` varchar(30) NOT NULL,
  `active` int(11) NOT NULL
) ENGINE=InnoDB DEFAULT CHARSET=utf8mb4 COLLATE=utf8mb4_general_ci;

--
-- Dumping data for table `users`
--

INSERT INTO `users` (`id`, `names`, `email`, `phone`, `image`, `about`, `role`, `password`, `active`) VALUES
(1, 'manager', 'orangegarage2022@gmail.com', '0788308413', 'upload/WhatsApp Image 2024-04-22 at 17.52.21_db5f3d21.jpg', '', 'admin', '1234', 1),
(15, 'cedrick', 'cedrickhakuzimana@gmail.com', '', 'upload/av.png', '', 'worker', 'cedrickhakuzimana@gmail.com', 1);

--
-- Indexes for dumped tables
--

--
-- Indexes for table `contact_messages`
--
ALTER TABLE `contact_messages`
  ADD PRIMARY KEY (`id`);

--
-- Indexes for table `historic`
--
ALTER TABLE `historic`
  ADD PRIMARY KEY (`id`);

--
-- Indexes for table `privilages`
--
ALTER TABLE `privilages`
  ADD PRIMARY KEY (`id`);

--
-- Indexes for table `product`
--
ALTER TABLE `product`
  ADD PRIMARY KEY (`pid`);

--
-- Indexes for table `stock`
--
ALTER TABLE `stock`
  ADD PRIMARY KEY (`id`);

--
-- Indexes for table `users`
--
ALTER TABLE `users`
  ADD PRIMARY KEY (`id`);

--
-- AUTO_INCREMENT for dumped tables
--

--
-- AUTO_INCREMENT for table `contact_messages`
--
ALTER TABLE `contact_messages`
  MODIFY `id` int(11) NOT NULL AUTO_INCREMENT, AUTO_INCREMENT=2;

--
-- AUTO_INCREMENT for table `historic`
--
ALTER TABLE `historic`
  MODIFY `id` int(11) NOT NULL AUTO_INCREMENT;

--
-- AUTO_INCREMENT for table `privilages`
--
ALTER TABLE `privilages`
  MODIFY `id` int(11) NOT NULL AUTO_INCREMENT, AUTO_INCREMENT=8;

--
-- AUTO_INCREMENT for table `product`
--
ALTER TABLE `product`
  MODIFY `pid` int(11) NOT NULL AUTO_INCREMENT, AUTO_INCREMENT=540;

--
-- AUTO_INCREMENT for table `stock`
--
ALTER TABLE `stock`
  MODIFY `id` int(11) NOT NULL AUTO_INCREMENT, AUTO_INCREMENT=541;

--
-- AUTO_INCREMENT for table `users`
--
ALTER TABLE `users`
  MODIFY `id` int(11) NOT NULL AUTO_INCREMENT, AUTO_INCREMENT=16;
COMMIT;

/*!40101 SET CHARACTER_SET_CLIENT=@OLD_CHARACTER_SET_CLIENT */;
/*!40101 SET CHARACTER_SET_RESULTS=@OLD_CHARACTER_SET_RESULTS */;
/*!40101 SET COLLATION_CONNECTION=@OLD_COLLATION_CONNECTION */;
